demand,previous_year_sales,previous_year_price,previous_year_price_change,category_clothing,category_electronics,category_furniture
104,771,93.33,-0.5087894736842106,0,1,0
94,900,82.6,2.4749684476230542,0,1,0
72,675,29.61,-0.6659144759110911,1,0,0
112,826,81.0,-0.4444444444444445,0,1,0
44,221,207.23,1.5207395693954509,0,0,1
58,332,206.5,0.7774143570321913,0,0,1
120,977,81.78,-0.28763066202090587,0,1,0
81,605,25.24,-0.7469927826784283,1,0,0
90,646,26.18,0.01355013550135507,1,0,0
60,625,29.96,-0.7424568039198831,1,0,0
197,1156,121.29,4.049542048293089,0,1,0
165,1263,118.25,0.24160016799664014,0,1,0
94,620,24.33,-0.7282475147995086,1,0,0
90,780,25.81,-0.10877071823204428,1,0,0
13,232,145.8,0.2024742268041238,0,0,1
78,742,25.7,0.03880355699272437,1,0,0
112,980,77.36,-0.3325856267793978,0,1,0
48,189,153.89,0.8669173844474096,0,0,1
58,363,204.74,5.034188034188034,0,0,1
82,506,34.0,-0.655940093098563,1,0,0
32,176,172.52,3.9235159817351604,0,0,1
150,1056,101.77,-0.3410812560699255,0,1,0
159,989,104.77,-0.4489269934778035,0,1,0
164,1002,96.3,-0.4403440460277794,0,1,0
90,769,25.46,-0.7966453674121406,1,0,0
41,369,191.46,5.547879616963065,0,0,1
34,302,184.35,1.2773316862260653,0,0,1
141,1049,96.04,0.1760960078373746,0,1,0
44,239,147.52,0.7143521208599654,0,0,1
37,260,147.38,0.43129066718461684,0,0,1
96,967,81.93,2.1694390715667313,0,1,0
93,648,29.46,-0.8559906144595981,1,0,0
99,676,30.65,-0.7476327706875258,1,0,0
101,815,82.47,1.644964720974984,0,1,0
180,1239,124.77,3.9160756501182035,0,1,0
92,598,36.51,-0.5395384033295498,1,0,0
105,808,89.59,-0.41471222316587175,0,1,0
183,1162,123.85,0.044442570416596355,0,1,0
15,232,147.68,-0.2780602268283144,0,0,1
86,498,36.18,-0.597239229656017,1,0,0
168,1006,95.13,0.0862068965517241,0,1,0
31,186,178.18,0.4280676444658172,0,0,1
164,963,99.8,-0.1823693265607079,0,1,0
56,323,209.12,1.7236259442563169,0,0,1
108,812,90.88,-0.4108647737585894,0,1,0
38,399,202.81,1.0560624493106245,0,0,1
146,1001,97.77,-0.34422161110738486,0,1,0
64,321,191.38,4.469562732209202,0,0,1
94,633,24.18,-0.8825700548783448,1,0,0
104,852,82.63,-0.004217883827428399,0,1,0
165,1093,103.42,3.0100814269096547,0,1,0
166,1199,120.38,-0.407462098838354,0,1,0
36,361,193.34,-0.07413083038023173,0,0,1
126,799,86.2,0.07334080438301582,0,1,0
77,453,34.34,-0.8210433060607639,1,0,0
31,253,185.02,0.5333996353389692,0,0,1
57,539,34.55,-0.5728239366963402,1,0,0
112,768,92.8,0.15065096094234334,0,1,0
84,533,33.61,-0.827729369554075,1,0,0
98,623,29.82,-0.030559167750325137,1,0,0
184,1125,124.41,-0.1476431899150453,0,1,0
80,668,30.51,-0.828826301615799,1,0,0
108,776,25.34,-0.0031471282454760756,1,0,0
39,258,203.5,0.1734517356706263,0,0,1
157,1083,103.19,2.6030027932960893,0,1,0
139,740,86.42,1.8390275952693824,0,1,0
90,661,24.09,-0.198069241011984,1,0,0
65,374,203.22,1.1355611601513242,0,0,1
71,690,30.12,-0.7461655149165684,1,0,0
12,279,151.07,3.837335894972782,0,0,1
145,1083,95.66,-0.05061532354108782,0,1,0
198,1204,117.55,0.13673725945266416,0,1,0
132,778,94.13,0.039995580598828746,0,1,0
170,1022,97.51,-0.20243742843121215,0,1,0
162,1177,123.05,2.930054295752156,0,1,0
92,970,82.58,2.2435192458758837,0,1,0
82,824,81.34,2.3024766544863993,0,1,0
48,218,190.0,1.1721733165656796,0,0,1
87,640,29.24,0.19737919737919724,1,0,0
74,558,31.0,-0.7291630263847633,1,0,0
99,684,29.09,-0.7518341579935164,1,0,0
71,659,30.57,-0.843399416013524,1,0,0
65,632,35.32,-0.7657514259185569,1,0,0
182,1160,121.42,0.18701730374425646,0,1,0
109,800,87.38,-0.10773001123251313,0,1,0
40,277,187.68,0.2786483172094291,0,0,1
61,473,35.34,-0.8310061208875287,1,0,0
167,1249,118.78,3.0733882030178328,0,1,0
90,525,29.02,-0.8148762439397805,1,0,0
136,1093,101.57,-0.415928694652099,0,1,0
171,1252,123.99,-0.16527534670795743,0,1,0
161,929,96.05,0.11686046511627904,0,1,0
117,842,77.56,1.1319406267179768,0,1,0
132,946,99.58,-0.4402787926479681,0,1,0
35,192,176.51,1.263819417724766,0,0,1
46,374,193.35,1.1661438494286354,0,0,1
133,981,95.31,2.3267015706806284,0,1,0
135,791,93.22,2.170748299319728,0,1,0
62,349,200.1,4.509361233480176,0,0,1
76,618,23.88,-0.8826996758031241,1,0,0
70,481,34.5,-0.6187845303867403,1,0,0
140,1094,98.39,3.057319587628866,0,1,0
119,838,81.66,-0.1215576592082616,0,1,0
81,821,83.25,-0.33154006744820946,0,1,0
50,180,150.07,-0.25560515873015877,0,0,1
165,925,101.79,0.11148722428477842,0,1,0
73,761,24.91,-0.6875705506083031,1,0,0
139,890,86.27,-0.12558280964930063,0,1,0
94,809,82.42,-0.5363150492264416,0,1,0
177,1157,123.18,0.4978112840466928,0,1,0
151,1070,95.96,-0.17863562441153819,0,1,0
137,971,99.87,1.920175438596491,0,1,0
94,473,34.08,-0.6553398058252428,1,0,0
81,605,33.9,-0.8117921385742838,1,0,0
90,677,30.24,-0.7884130982367759,1,0,0
56,532,34.7,0.1516760703617658,1,0,0
24,280,153.24,0.024331550802139137,0,0,1
35,132,145.52,0.25232358003442346,0,0,1
93,703,26.15,-0.7504056504724635,1,0,0
99,520,31.06,-0.666809697489809,1,0,0
40,298,172.2,0.16729934924078074,0,0,1
94,831,78.12,2.0396887159533077,0,1,0
82,591,30.92,-0.0900529723366685,1,0,0
47,174,182.85,0.19136043784206416,0,0,1
181,1267,122.4,0.20094191522762955,0,1,0
113,795,88.68,-0.00982581509602496,0,1,0
88,502,29.05,-0.7607478174929996,1,0,0
70,603,24.29,-0.2857982946192296,1,0,0
154,974,102.97,0.05318604889025266,0,1,0
58,495,34.28,-0.8176110667730779,1,0,0
84,885,83.22,-0.053565336062777295,0,1,0
101,833,80.75,2.324413338822561,0,1,0
63,516,36.18,-0.7596971307120085,1,0,0
25,391,197.1,0.010147601476014708,0,0,1
104,998,81.9,0.014241486068111526,0,1,0
152,1033,97.74,-0.3512114171921673,0,1,0
56,267,197.12,4.516932549678143,0,0,1
62,486,33.73,-0.6680444838106485,1,0,0
57,203,201.31,4.5950528071150645,0,0,1
133,889,90.76,-0.05507548152004156,0,1,0
35,146,144.67,-0.067126644312613,0,0,1
25,359,192.92,0.8688365785139976,0,0,1
42,340,208.82,6.052347180006754,0,0,1
83,501,36.24,-0.5896274487600498,1,0,0
131,887,93.4,-0.18349506075705913,0,1,0
65,242,191.71,1.0323332979963957,0,0,1
118,708,88.33,2.7129045817570407,0,1,0
138,1100,103.23,1.883519553072626,0,1,0
87,681,31.26,-0.10429799426934089,1,0,0
137,1056,104.93,-0.3886266969644001,0,1,0
80,606,33.77,0.11525759577278738,1,0,0
105,795,24.6,-0.053846153846153794,1,0,0
179,1158,125.76,-0.4008575512148642,0,1,0
25,253,151.39,0.660160105274701,0,0,1
74,616,23.85,-0.8847714755048797,1,0,0
89,720,25.93,-0.8652847049044056,1,0,0
33,197,178.55,0.9392853263821008,0,0,1
95,842,80.76,-0.5482716187493007,0,1,0
190,1288,115.7,0.44643080385048145,0,1,0
80,712,25.96,-0.8612877371092706,1,0,0
42,214,196.12,0.0591920501188162,0,0,1
56,545,35.9,-0.020463847203274217,1,0,0
140,1074,98.42,3.0821236001659065,0,1,0
25,270,148.54,-0.26099502487562193,0,0,1
29,354,195.12,0.013189323917333014,0,0,1
81,500,35.8,-0.6994879543355997,1,0,0
58,280,198.15,6.948255114320096,0,0,1
75,680,24.6,-0.8643731392656302,1,0,0
75,480,33.6,-0.7208838677521183,1,0,0
47,274,195.66,7.058484349258649,0,0,1
22,314,185.66,0.522676945788567,0,0,1
26,261,149.64,0.5621672408393358,0,0,1
188,1163,116.33,-0.41074865768412516,0,1,0
85,913,82.21,-0.5507650273224044,0,1,0
44,121,142.88,0.7027767846502205,0,0,1
25,107,145.28,3.6415335463258787,0,0,1
13,208,148.96,-0.28856624319419233,0,0,1
117,892,88.81,-0.12914296920964896,0,1,0
168,1155,124.9,0.20153920153920157,0,1,0
123,759,89.36,-0.09196219896351994,0,1,0
28,184,154.62,0.5751833740831297,0,0,1
89,831,82.0,0.03626943005181353,0,1,0
45,167,144.64,0.8253407370015143,0,0,1
28,300,145.43,3.040844679077521,0,0,1
18,248,178.09,4.175530369078757,0,0,1
107,723,23.84,-0.757328990228013,1,0,0
119,831,88.43,-0.5320421230883209,0,1,0
163,1013,97.6,1.895283298724414,0,1,0
30,160,151.72,3.368557443132739,0,0,1
85,827,78.8,-0.34179752756431675,0,1,0
107,764,90.46,-0.4834694227145549,0,1,0
69,506,35.63,0.16781383153064572,1,0,0
170,961,96.71,3.0363105175292153,0,1,0
61,652,30.48,-0.11369584181448096,1,0,0
71,531,36.08,-0.8177777777777778,1,0,0
60,523,36.5,-0.7931425332955512,1,0,0
141,978,98.24,-0.349791514991065,0,1,0
87,700,29.52,-0.8112893946174008,1,0,0
103,828,92.17,1.712477928193055,0,1,0
75,695,26.01,-0.8564411082900983,1,0,0
102,709,87.62,2.4133229450720686,0,1,0
76,686,24.42,-0.7321487331358999,1,0,0
92,511,30.38,-0.8334703721975553,1,0,0
34,198,151.17,3.1587345254470423,0,0,1
35,267,174.97,3.8360972913211717,0,0,1
105,682,25.11,-0.7889561270801816,1,0,0
36,214,172.7,0.8053522893581434,0,0,1
81,638,25.12,-0.8243479476959653,1,0,0
88,638,24.25,-0.2728635682158921,1,0,0
34,197,173.85,5.017653167185877,0,0,1
67,549,31.3,-0.6213862344260312,1,0,0
30,269,185.95,1.0809086839749327,0,0,1
157,962,97.68,3.038032244729227,0,1,0
91,757,24.09,-0.3121073672187322,1,0,0
191,1156,120.27,-0.023386114494518957,0,1,0
94,755,25.68,-0.2679589509692132,1,0,0
185,1105,114.46,0.23941526800216567,0,1,0
170,982,99.85,-0.3061153578874219,0,1,0
187,1275,120.65,-0.3164693218514531,0,1,0
112,818,77.22,0.014051214707813436,0,1,0
187,1265,114.74,-0.35211744776962167,0,1,0
29,181,181.18,1.1018561484918794,0,0,1
73,613,23.86,-0.7465207691490492,1,0,0
168,1033,97.3,-0.46249033255993816,0,1,0
160,1004,100.63,-0.5006698754527862,0,1,0
75,545,33.52,-0.6187876720118276,1,0,0
180,1149,124.44,-0.29718739410369366,0,1,0
32,347,195.91,4.787592319054653,0,0,1
36,380,191.24,0.25321100917431205,0,0,1
169,1146,125.76,-0.12830110210022877,0,1,0
73,517,33.88,-0.8180646547094834,1,0,0
148,1051,96.94,-0.4430336110313129,0,1,0
117,851,79.2,2.14410480349345,0,1,0
102,646,26.1,-0.7438413975856315,1,0,0
120,853,78.89,0.0011421319796954747,0,1,0
34,195,170.99,0.7779972964541958,0,0,1
110,739,25.75,0.05016313213703101,1,0,0
78,569,35.34,-0.7534017165585095,1,0,0
142,1037,101.92,-0.4943441158960111,0,1,0
61,342,192.58,0.6490837472169892,0,0,1
17,208,154.92,-0.13592503764850244,0,0,1
83,950,79.09,1.2799077543960797,0,1,0
92,520,35.27,-0.8053639423872854,1,0,0
199,1106,116.71,0.17214020287235113,0,1,0
104,679,25.11,-0.8785313467492261,1,0,0
72,557,30.25,-0.7541649735879724,1,0,0
92,699,24.14,-0.8781731011859701,1,0,0
152,911,103.47,0.053987980034633766,0,1,0
133,1073,101.72,3.2067824648469805,0,1,0
114,820,81.92,1.7343124165554071,0,1,0
116,986,82.43,1.7285666997682887,0,1,0
63,588,28.9,-0.7522290809327847,1,0,0
39,313,208.52,0.6760710553814003,0,0,1
163,1126,115.64,-0.4419457581314545,0,1,0
165,907,99.57,0.08558656781508935,0,1,0
91,503,36.7,0.014372581536760728,1,0,0
196,1168,119.01,3.9836683417085434,0,1,0
70,547,30.44,-0.8222377949077319,1,0,0
93,628,34.24,0.438655462184874,1,0,0
78,461,33.96,-0.6297426951591801,1,0,0
67,603,34.33,-0.8294669912075904,1,0,0
72,547,35.42,-0.65929203539823,1,0,0
107,892,82.91,-0.05537199498689757,0,1,0
160,1147,121.45,3.1016548463356974,0,1,0
185,1185,117.46,-0.2445330589143298,0,1,0
190,1118,117.11,3.916456759026028,0,1,0
131,912,95.31,0.16373626373626368,0,1,0
22,271,185.65,0.4972981692071942,0,0,1
44,217,204.67,7.581551362683437,0,0,1
39,216,203.44,0.16039242527948896,0,0,1
108,653,26.2,-0.15347334410339258,1,0,0
197,1256,114.39,-0.02322602681239859,0,1,0
145,1086,99.58,-0.200930829722356,0,1,0
28,180,154.7,-0.19098420667294222,0,0,1
36,323,174.05,0.870901859615178,0,0,1
119,857,76.68,1.1827497865072587,0,1,0
77,483,33.35,-0.8083994025048834,1,0,0
93,892,78.5,-0.6211938425903585,0,1,0
139,903,103.64,0.05303800040642145,0,1,0
13,116,153.02,-0.0062991103318397225,0,0,1
130,702,88.53,0.11780303030303027,0,1,0
99,736,24.73,-0.05430210325047794,1,0,0
108,889,87.47,0.10247038064028227,0,1,0
47,252,186.7,0.8211080764728833,0,0,1
164,1053,100.5,1.83657917019475,0,1,0
32,371,206.4,0.33298889175923535,0,0,1
180,1276,118.82,2.4261822376009223,0,1,0
57,311,194.17,0.8974885175412879,0,0,1
120,800,89.99,-0.400026668444563,0,1,0
89,596,35.87,0.22590567327409417,1,0,0
22,148,153.08,3.9960835509138386,0,0,1
87,688,30.21,-0.8030125195618153,1,0,0
45,300,199.99,7.00280112044818,0,0,1
161,1225,122.26,3.8923569427771114,0,1,0
92,923,80.75,-0.531068524970964,0,1,0
53,286,171.98,-0.029458239277652367,0,0,1
100,867,89.69,-0.2800610049767218,0,1,0
101,640,24.9,-0.6910669975186104,1,0,0
96,598,28.65,-0.7092551248224073,1,0,0
129,746,89.38,0.006418196149082234,0,1,0
31,262,150.92,0.6016130743924438,0,0,1
84,914,83.16,-0.19922965816080884,0,1,0
45,372,196.82,-0.03835442419504566,0,0,1
39,101,143.31,0.20875506072874495,0,0,1
23,152,177.1,1.2417721518987341,0,0,1
84,812,79.72,1.7738343771746696,0,1,0
162,971,104.2,1.997698504027618,0,1,0
42,293,209.84,5.260143198090692,0,0,1
28,387,207.22,7.047378640776699,0,0,1
87,577,34.01,-0.6656508061344869,1,0,0
10,162,149.38,5.237160751565762,0,0,1
81,947,79.09,-0.051906017741548766,0,1,0
141,912,99.57,-0.16334761784723983,0,1,0
120,832,79.34,2.271752577319588,0,1,0
114,986,81.27,1.6326530612244894,0,1,0
32,293,155.08,5.278542510121459,0,0,1
128,712,89.53,-0.059953800923981455,0,1,0
97,929,77.37,1.3026785714285716,0,1,0
71,764,25.45,-0.8780312470046967,1,0,0
65,581,35.57,0.20739986422267478,1,0,0
196,1294,124.97,-0.3422631578947368,0,1,0
77,652,26.23,-0.869098712446352,1,0,0
161,1296,120.65,-0.1860072864660639,0,1,0
200,1143,121.31,2.372532666110648,0,1,0
91,551,28.61,-0.8502094240837695,1,0,0
138,965,95.15,-0.48573127229488705,0,1,0
95,621,25.2,-0.6944343397599126,1,0,0
73,679,25.19,-0.16145139813581885,1,0,0
100,616,30.46,-0.6688770518534624,1,0,0
88,815,78.32,-0.452652176951569,0,1,0
22,199,145.63,0.2348851013312981,0,0,1
75,761,23.79,-0.3469667856162504,1,0,0
152,1008,99.99,-0.482828178338678,0,1,0
79,657,26.21,-0.7340975956173277,1,0,0
138,893,89.06,0.07846936304189882,0,1,0
181,1141,117.91,-0.33825345156583236,0,1,0
106,858,77.83,-0.5586367245094703,0,1,0
74,656,30.03,-0.6991886206551137,1,0,0
116,926,80.95,1.27451531329025,0,1,0
94,517,29.77,-0.6207160147789528,1,0,0
45,209,200.38,1.5297310945587679,0,0,1
95,473,35.04,0.3932405566600398,1,0,0
151,1056,99.83,-0.03480614908633867,0,1,0
178,1197,121.73,3.0890157877057445,0,1,0
105,886,89.26,-0.4802608594386864,0,1,0
60,280,192.53,1.1747430249632893,0,0,1
36,352,204.09,1.3545223811721272,0,0,1
39,121,156.03,3.415110356536502,0,0,1
11,111,143.56,-0.27384926656550324,0,0,1
158,960,95.39,-0.5136141138078727,0,1,0
10,287,146.78,-0.2892009685230024,0,0,1
119,815,81.4,1.3464975497261462,0,1,0
30,200,149.99,4.001333777925976,0,0,1
180,1200,119.99,-0.40002000100005003,0,1,0
74,545,34.2,0.3517786561264823,1,0,0
85,776,25.42,-0.702794341166842,1,0,0
81,637,34.34,-0.03620544484984561,1,0,0
90,774,24.25,-0.8589952320037214,1,0,0
118,786,87.97,-0.42208645381684406,0,1,0
62,522,36.38,-0.750753631131817,1,0,0
76,624,35.77,0.2542075736325387,1,0,0
89,616,34.71,-0.7719747733543555,1,0,0
85,611,36.53,-0.7638655462184873,1,0,0
30,205,152.56,0.5474186022923218,0,0,1
36,254,194.4,0.2393216881295422,0,0,1
28,228,152.73,0.5118788358740843,0,0,1
71,631,35.61,0.2087576374745417,1,0,0
99,903,76.55,-0.16256427086751996,0,1,0
90,630,34.4,-0.6334576451784762,1,0,0
135,1046,103.02,2.008761682242991,0,1,0
106,774,24.37,-0.8803985080486847,1,0,0
134,1051,103.37,0.29439018281993495,0,1,0
18,169,154.84,-0.21468783283460965,0,0,1
194,1101,118.66,-0.36470714209230115,0,1,0
43,181,178.64,1.298803242825891,0,0,1
99,829,79.91,1.2656648709951797,0,1,0
101,741,24.82,-0.6988595001213298,1,0,0
200,1269,120.66,0.46112860256720756,0,1,0
37,252,203.93,0.11175925421141579,0,0,1
136,1017,101.35,-0.3527270404904842,0,1,0
23,294,181.81,0.2639738598442714,0,0,1
59,450,35.45,-0.7519417815408299,1,0,0
91,593,28.51,-0.8572144037662143,1,0,0
39,233,183.28,6.022222222222222,0,0,1
34,304,185.16,1.1633368384157026,0,0,1
81,640,23.91,-0.7946405565575883,1,0,0
83,814,80.67,-0.5294014700735036,0,1,0
109,723,86.97,-0.27038590604026846,0,1,0
34,292,143.84,-0.24840631204932592,0,0,1
165,911,99.13,0.09077904929577466,0,1,0
20,270,171.4,1.2099020113460546,0,0,1
50,173,150.95,-0.23219735503560532,0,0,1
102,683,25.38,-0.719836626559223,1,0,0
34,240,151.1,4.264808362369338,0,0,1
45,252,153.21,0.015173601908295923,0,0,1
83,874,76.07,1.0778475826276972,0,1,0
108,609,25.74,-0.11333103685842241,1,0,0
11,277,155.85,0.03109493880251398,0,0,1
61,644,30.12,-0.8240448650543287,1,0,0
85,636,36.43,0.055942028985507236,1,0,0
43,138,147.75,3.3443104969126733,0,0,1
81,987,78.17,-0.1771578947368421,0,1,0
92,631,35.9,-0.8083698089035977,1,0,0
177,1271,117.25,3.9182046979865772,0,1,0
193,1287,114.27,0.1740470564060413,0,1,0
17,117,156.43,0.5002397621559415,0,0,1
124,807,86.82,2.593543046357616,0,1,0
90,603,30.76,-0.6123014872699772,1,0,0
64,640,29.15,-0.006137061029662452,1,0,0
38,298,179.86,1.0420072661217077,0,0,1
25,399,190.79,0.5409902269606655,0,0,1
91,717,25.48,-0.7423920736022647,1,0,0
80,629,25.3,-0.7485589346054463,1,0,0
198,1256,114.8,-0.20443520443520452,0,1,0
66,671,28.72,-0.1528023598820059,1,0,0
87,675,25.75,-0.8263771829276515,1,0,0
117,835,76.49,-0.03189469687381357,0,1,0
50,221,191.06,0.8931827189853349,0,0,1
20,294,144.03,0.737184899288385,0,0,1
112,850,76.58,1.516595465001643,0,1,0
68,645,29.13,-0.768368320610687,1,0,0
72,722,24.7,-0.8625410429072292,1,0,0
93,565,29.23,-0.027287853577371058,1,0,0
73,626,29.26,-0.16016073478760048,1,0,0
44,114,142.68,0.21907040328092958,0,0,1
132,1069,103.63,3.096047430830039,0,1,0
87,747,23.82,-0.7334974267173865,1,0,0
187,1181,125.34,0.641435306443164,0,1,0
71,504,35.87,-0.8061709715767859,1,0,0
107,995,77.11,-0.6216945493793848,0,1,0
96,897,77.71,-0.33518692788091375,0,1,0
86,827,80.6,-0.3005900728913572,0,1,0
64,330,208.62,7.2004716981132075,0,0,1
189,1233,125.13,-0.2958356781091727,0,1,0
102,687,24.77,-0.8557535522944327,1,0,0
55,234,186.88,0.00016055659620016664,0,0,1
54,372,201.6,7.372093023255814,0,0,1
80,627,35.08,-0.6602750338950223,1,0,0
52,294,194.21,0.6889294721280113,0,0,1
65,693,29.97,-0.6341552734375,1,0,0
153,1072,101.31,-0.3298273466957729,0,1,0
105,675,24.11,-0.8334944751381216,1,0,0
100,692,24.3,-0.3261231281198004,1,0,0
72,616,29.19,-0.6419722801422789,1,0,0
48,256,201.56,0.39565157180445937,0,0,1
96,629,24.25,-0.7517911975435005,1,0,0
93,822,79.13,-0.35984143677695984,0,1,0
73,501,30.81,-0.6262283149338833,1,0,0
165,1222,125.58,0.026903262736118996,0,1,0
180,1158,116.2,-0.3319151382740183,0,1,0
167,1006,102.5,0.1540193650078812,0,1,0
115,862,89.85,-0.3748695470674181,0,1,0
47,260,171.42,4.585532746823069,0,0,1
75,748,26.11,-0.8498130572332472,1,0,0
89,845,76.4,-0.2397253458055527,0,1,0
88,844,78.8,1.6380984265148977,0,1,0
86,924,77.22,-0.35005470919956233,0,1,0
33,305,195.21,0.2932096720768468,0,0,1
17,238,157.12,-0.08757259001161431,0,0,1
139,971,103.03,0.023951500695686707,0,1,0
79,497,35.66,-0.7567032817083987,1,0,0
48,356,203.83,0.1846448913169825,0,0,1
72,655,25.42,-0.8278710725893824,1,0,0
45,107,152.38,-0.18461044520547945,0,0,1
151,1014,98.82,-0.36666025764276106,0,1,0
100,889,92.78,-0.07034068136272541,0,1,0
35,343,199.67,1.1836176727909011,0,0,1
88,595,35.53,-0.6480784469096672,1,0,0
199,1215,119.73,-0.39167767503302503,0,1,0
51,360,196.66,1.4622511581319642,0,0,1
75,613,29.55,-0.023140495867768573,1,0,0
111,809,87.6,2.4112149532710276,0,1,0
158,913,103.26,0.3561859732072499,0,1,0
151,1007,103.85,2.548001366586949,0,1,0
87,553,29.67,-0.017874875868917547,1,0,0
37,398,194.35,1.4862479211973902,0,0,1
41,145,150.95,3.1965526827912147,0,0,1
84,635,30.44,-0.164883401920439,1,0,0
50,198,173.92,0.46532985087201945,0,0,1
65,461,35.92,-0.5827622255778836,1,0,0
70,498,35.59,0.4773765047737652,1,0,0
136,766,87.53,-0.573772886638099,0,1,0
88,600,30.04,0.16660194174757278,1,0,0
150,907,98.17,-0.35697910525971044,0,1,0
22,290,148.19,3.9167219641672193,0,0,1
83,674,24.74,-0.05247031788586752,1,0,0
133,758,87.2,-0.5624905925442778,0,1,0
91,532,33.98,0.35001986491855364,1,0,0
26,389,192.5,1.3475609756097562,0,0,1
96,503,29.27,-0.6391765285996056,1,0,0
102,815,79.22,1.6076366030283082,0,1,0
70,655,29.17,-0.7574623763199467,1,0,0
159,1002,96.17,-0.48024644652218557,0,1,0
52,310,209.84,0.02042404201517223,0,0,1
85,993,83.99,0.039866286987742965,0,1,0
44,287,183.03,5.01281208935611,0,0,1
32,244,176.88,0.9060344827586208,0,0,1
30,292,144.3,-0.17073731394747418,0,0,1
184,1207,116.89,0.48904458598726114,0,1,0
159,1081,101.61,-0.02644438056912911,0,1,0
77,659,29.24,-0.6512820512820513,1,0,0
147,924,97.22,-0.03951788184153329,0,1,0
148,984,102.29,0.02300230023002312,0,1,0
108,908,80.65,-0.48767628001524577,0,1,0
103,702,86.11,-0.1277350081037277,0,1,0
74,501,36.65,-0.5778622437226445,1,0,0
75,556,36.13,-0.8224046401887535,1,0,0
55,170,184.52,5.053805774278215,0,0,1
100,897,83.36,-0.28940414286932065,0,1,0
118,784,93.03,-0.2374590163934426,0,1,0
120,938,78.57,1.5769104624467039,0,1,0
129,787,86.68,1.391832229580574,0,1,0
32,208,205.91,-0.004736816665861036,0,0,1
72,757,24.63,-0.6828483131599279,1,0,0
54,359,195.27,4.475883342680876,0,0,1
133,868,85.53,-0.2556783569750239,0,1,0
43,127,145.66,-0.04410027562672266,0,0,1
103,903,83.8,1.782204515272244,0,1,0
42,256,191.22,0.04686302419796344,0,0,1
100,900,79.99,-0.5555864214678594,0,1,0
59,502,34.45,-0.6067351598173515,1,0,0
111,814,94.0,-0.07653011101286969,0,1,0
93,658,28.9,0.10389610389610385,1,0,0
90,567,34.24,-0.8327635049330858,1,0,0
47,212,208.66,1.169473903098357,0,0,1
42,160,143.9,0.8261421319796955,0,0,1
184,1295,119.27,0.2383968435261135,0,1,0
59,333,209.55,7.463247172859451,0,0,1
70,665,30.95,-0.6293413173652694,1,0,0
105,868,77.97,-0.19601979789647356,0,1,0
70,698,24.29,-0.8814717220514322,1,0,0
84,758,25.95,-0.8343969368219528,1,0,0
60,571,35.3,-0.6299402453087326,1,0,0
143,982,98.31,-0.46360759493670883,0,1,0
97,625,30.49,-0.8401740315563243,1,0,0
172,1240,121.95,0.25579240037071366,0,1,0
23,218,154.88,0.5009206318441709,0,0,1
33,371,206.34,6.073705862187179,0,0,1
140,768,90.09,1.5377464788732396,0,1,0
73,639,34.55,-0.5848353761115117,1,0,0
114,847,82.4,-0.0024213075060531314,0,1,0
138,749,92.35,0.14040503828105694,0,1,0
81,643,34.49,-0.8058323481393909,1,0,0
25,294,191.67,-0.07828805001202213,0,0,1
69,519,35.45,-0.6933125702915477,1,0,0
93,927,79.16,2.0434448289119564,0,1,0
31,223,191.89,4.630575117370892,0,0,1
77,615,30.98,-0.5963517915309445,1,0,0
110,792,88.63,1.951381951381951,0,1,0
75,550,34.99,-0.7083923660305026,1,0,0
131,709,85.94,-0.08749203652580174,0,1,0
59,203,190.12,0.6214925373134329,0,0,1
120,768,91.65,2.4967569629912245,0,1,0
191,1242,116.21,-0.2306521019529958,0,1,0
55,457,35.82,-0.6290005178663904,1,0,0
101,702,92.98,-0.06317380352644832,0,1,0
79,637,31.16,-0.1509536784741145,1,0,0
29,315,191.6,1.372461614660723,0,0,1
113,823,76.36,-0.3727616231312633,0,1,0
177,1104,123.15,0.21894486786103143,0,1,0
111,790,85.76,1.3348761230601691,0,1,0
114,801,76.78,-0.11828203950390442,0,1,0
51,222,206.89,1.5719791148682247,0,0,1
84,678,30.97,-0.6919633976526756,1,0,0
80,633,24.18,-0.8600127366410003,1,0,0
34,262,150.85,0.2903087845351125,0,0,1
97,810,80.36,-0.4428729894620078,0,1,0
75,533,35.22,-0.7669093315684977,1,0,0
58,530,34.43,-0.549875800758269,1,0,0
78,518,33.52,-0.7252233789654889,1,0,0
24,217,152.56,0.8447400241837968,0,0,1
125,753,90.58,1.9678899082568808,0,1,0
104,800,25.79,-0.7252583359965912,1,0,0
65,526,29.03,-0.8614650441422095,1,0,0
86,470,35.97,-0.6220844715276319,1,0,0
159,975,102.33,-0.4116260349586016,0,1,0
62,638,30.59,-0.7478361223312175,1,0,0
90,638,25.77,-0.14894319682959054,1,0,0
67,517,29.81,0.19049520766773162,1,0,0
26,235,183.43,0.8344834483448347,0,0,1
17,214,185.06,0.5295478965203737,0,0,1
46,237,196.5,6.569337442218798,0,0,1
43,240,188.84,1.2721694140295994,0,0,1
94,746,25.56,-0.7418442581557418,1,0,0
25,363,209.26,0.08706493506493501,0,0,1
38,318,204.56,7.271734735139507,0,0,1
105,856,86.6,-0.400235473370732,0,1,0
98,636,29.38,-0.8378676673472767,1,0,0
75,605,35.73,-0.7910404117199837,1,0,0
167,1155,115.05,-0.20824444291514696,0,1,0
74,575,36.59,-0.6308887319681226,1,0,0
121,872,91.55,1.9128221444479796,0,1,0
55,308,174.06,-0.15725767405829374,0,0,1
50,234,205.94,1.6071654639827828,0,0,1
185,1278,117.76,-0.05716573258606886,0,1,0
163,1253,116.83,2.3746389370306185,0,1,0
91,797,25.95,-0.7816024238343713,1,0,0
118,897,83.42,0.020053802885791155,0,1,0
37,262,181.21,5.244314266023432,0,0,1
101,872,86.86,1.4215221633677169,0,1,0
150,1000,99.99,,0,1,0
181,1235,116.18,2.9855917667238425,0,1,0
89,822,80.44,1.2614562833848748,0,1,0
153,933,101.02,1.8601359003397504,0,1,0
183,1160,120.12,-0.41232876712328764,0,1,0
107,886,78.74,0.008452868852458974,0,1,0
33,212,148.94,4.779588668994956,0,0,1
122,817,90.52,1.8754764930114356,0,1,0
25,132,156.86,0.7037037037037039,0,0,1
165,936,98.12,-0.20298919665339935,0,1,0
40,232,178.78,1.0584916522740357,0,0,1
138,937,98.16,0.0069757899056215895,0,1,0
40,304,182.77,4.3239149431983686,0,0,1
193,1251,114.35,2.319303338171262,0,1,0
107,766,24.29,-0.7617225819109281,1,0,0
99,965,78.51,-0.23240125146656235,0,1,0
104,793,93.87,-0.4866283839212469,0,1,0
129,853,90.42,2.6444981862152357,0,1,0
36,283,191.0,5.420168067226891,0,0,1
162,1127,122.99,-0.34236980002138817,0,1,0
77,543,36.32,0.21838309292183838,1,0,0
169,1042,100.62,-0.3370668072209777,0,1,0
38,338,195.86,6.671758715236976,0,0,1
99,683,25.19,-0.0019809825673532946,1,0,0
125,707,87.93,-0.42363660199265857,0,1,0
31,325,208.2,7.235759493670885,0,0,1
45,104,155.43,0.06707400796375128,0,0,1
108,965,77.73,-0.5912389566680689,0,1,0
38,135,155.25,0.028486253726399548,0,0,1
92,995,82.08,-0.0015813161415885594,0,1,0
72,734,24.13,-0.7671748359706677,1,0,0
49,257,148.61,0.030725482036343506,0,0,1
11,270,150.56,0.9179617834394904,0,0,1
38,110,152.22,0.8439733494851606,0,0,1
106,939,80.56,-0.005432098765432071,0,1,0
66,642,28.51,-0.6684498197464821,1,0,0
44,344,173.63,5.769200779727095,0,0,1
70,692,24.43,-0.863298080689385,1,0,0
89,1000,83.75,-0.5537617220801364,0,1,0
16,271,156.05,3.425694838343733,0,0,1
181,1160,123.73,-0.32944938218079345,0,1,0
143,1083,103.59,2.001738626485077,0,1,0
29,294,186.09,-0.06369811320754715,0,0,1
16,269,171.72,4.037254326782047,0,0,1
28,283,200.7,4.610847078557449,0,0,1
36,237,153.51,-0.202089505691564,0,0,1
137,1095,104.27,0.032785261489698916,0,1,0
80,527,29.21,-0.8085970775178559,1,0,0
36,237,186.22,6.167821401077752,0,0,1
166,1034,102.52,-0.16241830065359483,0,1,0
92,653,25.98,-0.7465365853658537,1,0,0
84,494,35.98,-0.5438062634715355,1,0,0
50,166,142.83,0.48333160245092954,0,0,1
140,974,103.32,-0.4644412191582003,0,1,0
121,873,87.58,-0.5208185150735898,0,1,0
103,722,88.08,-0.12183449651046858,0,1,0
200,1164,118.98,0.5429905330047984,0,1,0
104,654,25.59,-0.8746141408202264,1,0,0
99,728,25.87,-0.742305010459209,1,0,0
89,946,81.29,-0.09405995765072994,0,1,0
79,535,34.79,0.016063084112149448,1,0,0
81,839,82.43,1.891266222378113,0,1,0
67,523,33.71,0.3505608974358974,1,0,0
17,152,154.84,0.5022800038808578,0,0,1
132,715,89.47,1.5592105263157894,0,1,0
32,281,187.46,1.3723108073905343,0,0,1
93,690,25.25,-0.7377985462097612,1,0,0
192,1123,118.81,2.96562082777036,0,1,0
163,977,100.49,1.9085383502170767,0,1,0
34,222,152.22,-0.25356740057863,0,0,1
56,268,209.94,0.689114168476949,0,0,1
26,264,145.31,0.7703460038986355,0,0,1
81,876,81.29,-0.32690237641798453,0,1,0
177,1150,122.0,0.3617591249023328,0,1,0
95,897,77.66,-0.2596758817921831,0,1,0
81,980,78.44,-0.5565355042966983,0,1,0
138,1024,100.8,1.8563332388778688,0,1,0
35,212,148.31,-0.139483608935306,0,0,1
184,1110,115.91,2.340345821325648,0,1,0
29,344,180.12,0.4423446508648303,0,0,1
169,1255,124.58,-0.19786233983645615,0,1,0
51,185,182.04,0.5597635164081912,0,0,1
119,767,88.47,-0.42184028231603715,0,1,0
152,1067,96.3,1.781629116117851,0,1,0
12,250,144.58,-0.18807210647498165,0,0,1
82,720,24.15,-0.6852600026065424,1,0,0
81,578,30.36,-0.8016723281944081,1,0,0
161,939,95.15,-0.3714908514432921,0,1,0
132,1065,99.99,-0.46443492233529726,0,1,0
54,357,203.76,0.3412322274881517,0,0,1
31,237,173.9,4.794735088303899,0,0,1
64,283,205.64,0.15990749619267863,0,0,1
39,292,190.16,-0.06861928784836162,0,0,1
169,1008,95.0,-0.030117406840224632,0,1,0
184,1285,117.22,2.9454729047458765,0,1,0
97,800,77.13,-0.6170688114387847,0,1,0
157,1011,103.95,3.0057803468208095,0,1,0
170,1190,119.57,2.4758720930232556,0,1,0
198,1164,122.63,0.46040252471120635,0,1,0
50,102,154.38,0.6541305046608807,0,0,1
154,1040,99.25,0.29908376963350775,0,1,0
22,260,142.92,3.8169868554095037,0,0,1
104,684,26.08,-0.8286127357560623,1,0,0
69,640,34.17,-0.6360634785387155,1,0,0
132,746,86.05,1.376415354874344,0,1,0
99,880,80.38,1.608893216488153,0,1,0
81,710,25.15,-0.1980229591836735,1,0,0
43,241,180.64,-0.04062881724998675,0,0,1
107,913,76.14,-0.4693337050459994,0,1,0
110,967,77.9,-0.33121565934065933,0,1,0
36,223,197.08,7.235687421646469,0,0,1
117,850,80.98,-0.21095196336353886,0,1,0
64,646,33.3,-0.720215089900857,1,0,0
193,1162,120.77,0.21279373368146212,0,1,0
77,678,28.89,-0.16575223794397925,1,0,0
183,1146,119.44,-0.3923174764690919,0,1,0
165,978,100.03,2.436276193747853,0,1,0
19,198,154.37,0.6494283577305268,0,0,1
62,301,200.62,6.882907662082515,0,0,1
158,927,98.72,-0.33184433164128596,0,1,0
154,1052,97.85,0.08770564695420188,0,1,0
38,245,197.7,5.8765217391304345,0,0,1
141,999,103.03,2.324620845434011,0,1,0
82,968,79.24,1.1739368998628255,0,1,0
179,1177,121.99,3.1820363387041475,0,1,0
51,185,183.9,1.4064381052080608,0,0,1
143,1053,96.0,0.09202593561597092,0,1,0
101,881,77.46,-0.22150753768844228,0,1,0
36,247,176.54,4.878787878787878,0,0,1
39,162,153.67,0.26238396451162393,0,0,1
180,1250,118.56,0.16888494528246076,0,1,0
95,538,31.18,-0.8458419855631365,1,0,0
74,507,29.17,0.2004115226337449,1,0,0
110,686,24.31,-0.7951289398280802,1,0,0
30,288,151.6,0.02301099939267155,0,0,1
15,158,152.67,4.035290237467018,0,0,1
76,777,26.11,-0.7888394662353417,1,0,0
107,738,24.41,0.012442969722107039,1,0,0
93,949,77.85,-0.4933949372030975,0,1,0
88,637,25.51,-0.7390014323715981,1,0,0
160,1235,120.12,0.22085577802622222,0,1,0
74,508,29.46,-0.8576330159957474,1,0,0
99,987,80.88,-0.564341502827902,0,1,0
57,472,35.55,-0.7129592248687929,1,0,0
94,917,76.39,-0.49076728218118787,0,1,0
31,294,144.18,3.029625489100056,0,0,1
45,311,202.75,1.3147619591277542,0,0,1
104,830,86.11,-0.43796096860518247,0,1,0
103,864,91.17,-0.5023743245456034,0,1,0
19,187,187.02,0.92923457808954,0,0,1
130,792,93.85,-0.21615301094128464,0,1,0
192,1153,116.21,3.8725366876310265,0,1,0
43,178,183.21,-0.027031332979288385,0,0,1
48,147,150.44,-0.15525857712392613,0,0,1
103,781,85.99,-0.4410789730256744,0,1,0
133,808,91.72,-0.20726015557476235,0,1,0
110,744,26.01,-0.6661103979460847,1,0,0
15,282,149.09,0.18702229299363066,0,0,1
84,544,30.13,-0.12208624708624713,1,0,0
86,527,29.94,-0.6319154167691173,1,0,0
80,554,31.11,-0.6012049737213178,1,0,0
64,587,34.32,-0.6469862168278132,1,0,0
29,231,171.24,0.4321318056368656,0,0,1
47,262,184.46,1.085943684270044,0,0,1
84,705,24.6,-0.6941819990054698,1,0,0
28,297,172.3,4.511836212412028,0,0,1
93,513,36.73,-0.6434672879052611,1,0,0
116,968,79.86,1.6646646646646648,0,1,0
132,1009,99.74,-0.45764002175095164,0,1,0
37,208,150.78,0.31467433952393414,0,0,1
50,382,192.39,0.034632965851035216,0,0,1
78,572,33.64,0.35974130962004863,1,0,0
28,303,174.47,5.8473312401883835,0,0,1
75,719,24.46,-0.8005382043545625,1,0,0
98,600,29.57,0.21138877509217535,1,0,0
160,982,100.54,-0.5119180542744793,0,1,0
50,250,181.72,0.23627457650180275,0,0,1
82,623,35.2,0.008595988538682072,1,0,0
38,100,151.05,3.4782093092202797,0,0,1
43,241,180.37,0.8208156672723602,0,0,1
44,256,196.55,0.10229375806180253,0,0,1
140,930,96.73,0.09895478300386286,0,1,0
81,545,34.79,-0.5459410075698251,1,0,0
17,230,152.03,0.749482163406214,0,0,1
161,1064,100.39,-0.2963975329408467,0,1,0
124,795,92.07,0.17048054919908462,0,1,0
58,553,36.73,-0.6383774736634834,1,0,0
75,737,25.23,-0.0066929133858267,1,0,0
144,1006,100.96,1.8122562674094709,0,1,0
79,626,30.01,-0.12837641591635196,1,0,0
139,1067,96.76,1.6408296943231442,0,1,0
38,267,207.95,5.760403120936281,0,0,1
103,979,79.16,-0.13552473517527572,0,1,0
191,1275,116.98,-0.371750805585392,0,1,0
46,215,198.0,0.011959521619135252,0,0,1
26,210,171.63,0.785952133194589,0,0,1
116,864,77.24,-0.6319100266869997,0,1,0
61,520,28.74,-0.8026505527707204,1,0,0
39,251,173.92,5.887920792079208,0,0,1
36,184,142.59,-0.02874463592398337,0,0,1
44,288,179.03,0.9005307855626327,0,0,1
93,783,24.39,-0.0690839694656488,1,0,0
59,364,196.6,1.4757587205641607,0,0,1
137,1060,98.41,0.01621230896323826,0,1,0
22,314,181.02,0.7442667180574293,0,0,1
180,1174,121.25,0.006391102257636089,0,1,0
92,575,35.33,-0.8201211750929178,1,0,0
191,1270,125.85,0.6293371310201968,0,1,0
24,174,146.57,4.696463272444617,0,0,1
92,707,26.07,-0.8736551323059029,1,0,0
165,979,95.21,-0.49383306751727807,0,1,0
84,959,80.59,-0.47233680350946106,0,1,0
23,156,156.58,-0.19813591437496797,0,0,1
83,858,79.02,2.183722804190169,0,1,0
101,734,25.0,-0.7430626927029804,1,0,0
137,1093,98.66,-0.5209284257550743,0,1,0
50,154,185.7,0.18189918533604876,0,0,1
95,644,24.82,-0.7600541376643466,1,0,0
43,211,178.24,1.2723100458949517,0,0,1
67,640,31.43,-0.8185963292162068,1,0,0
62,582,34.99,-0.6522905694126999,1,0,0
50,316,186.78,6.811794228356336,0,0,1
155,933,100.87,-0.16394529631164526,0,1,0
96,638,28.66,-0.6755349258462584,1,0,0
120,855,80.19,-0.5905749004390892,0,1,0
16,178,176.34,1.1204906204906206,0,0,1
62,488,34.05,-0.6754979510149624,1,0,0
90,700,24.99,-0.7223024780531171,1,0,0
93,514,35.29,-0.8165800415800416,1,0,0
19,243,171.24,3.746119733924613,0,0,1
69,622,36.21,-0.8183049826885442,1,0,0
98,555,31.42,-0.7842625652293326,1,0,0
36,194,171.18,0.18398118688615295,0,0,1
15,259,143.48,0.8141357946643063,0,0,1
64,301,192.4,-0.013383929029280475,0,0,1
198,1112,122.06,0.169717297556301,0,1,0
62,543,35.43,0.21377183967112018,1,0,0
192,1206,122.29,-0.007225198895924667,0,1,0
158,972,100.62,-0.3156498673740053,0,1,0
109,734,87.08,-0.40970715835141003,0,1,0
81,746,23.95,-0.7601882447181335,1,0,0
123,763,93.6,-0.5236641221374047,0,1,0
192,1248,119.72,-0.41996124031007753,0,1,0
43,254,172.19,0.8279193205944797,0,0,1
58,312,204.4,7.442792234613796,0,0,1
11,296,150.65,0.7981618524707568,0,0,1
47,270,205.36,7.406058125255833,0,0,1
65,633,28.67,-0.8026297673137821,1,0,0
193,1192,117.73,-0.251747807296301,0,1,0
156,1078,95.41,-0.4863526244952894,0,1,0
62,507,30.11,-0.7085753000387146,1,0,0
193,1223,123.12,3.942593336009635,0,1,0
153,1056,96.84,-0.4447884416924664,0,1,0
46,274,153.36,0.540222958722507,0,0,1
110,607,25.72,-0.2276276276276276,1,0,0
164,1098,96.19,-0.47543218629001477,0,1,0
141,1063,99.5,-0.4628589937378536,0,1,0
143,1011,99.01,0.14568386947465867,0,1,0
77,604,35.32,-0.008143779837124379,1,0,0
58,313,204.58,1.2348700021848371,0,0,1
37,310,206.54,5.958894878706199,0,0,1
137,1063,98.88,-0.34775725593667545,0,1,0
106,744,23.77,-0.7984055635654312,1,0,0
38,289,144.8,-0.05906816557281159,0,0,1
43,388,202.59,0.353849238171612,0,0,1
89,751,23.95,-0.03427419354838716,1,0,0
196,1149,114.6,2.313096270598438,0,1,0
142,1040,98.59,1.7523729759910665,0,1,0
21,214,175.43,6.020008003201281,0,0,1
144,1015,100.76,-0.13865618054368267,0,1,0
10,240,151.27,0.26342604192767066,0,0,1
16,292,146.37,0.2731147255805863,0,0,1
94,541,34.62,-0.5477465708687133,1,0,0
27,205,156.57,0.6277159787919742,0,0,1
132,717,87.77,-0.5178532190727313,0,1,0
155,986,103.78,2.508451656524679,0,1,0
166,1202,119.02,-0.20711478249283868,0,1,0
161,1283,117.17,0.4510216718266254,0,1,0
91,776,24.85,-0.8420216147488875,1,0,0
91,853,81.83,2.2472222222222222,0,1,0
149,1017,100.12,1.7911904098132145,0,1,0
191,1134,118.66,-0.4187322425786225,0,1,0
66,631,36.31,0.030948324815445866,1,0,0
13,109,153.99,4.372993719469645,0,0,1
80,827,82.55,-0.4323729629374958,0,1,0
99,744,24.96,-0.8765517582471932,1,0,0
88,601,28.84,-0.8384404235056859,1,0,0
43,224,151.78,3.8961290322580644,0,0,1
23,208,143.73,4.9564857024450895,0,0,1
165,1095,103.16,-0.33892983018263384,0,1,0
107,901,83.97,-0.597497842968076,0,1,0
127,753,90.88,0.1454499621880513,0,1,0
116,936,80.42,-0.46232533262017783,0,1,0
166,1074,100.3,-0.3466223698781838,0,1,0
75,626,36.64,0.41303509448515235,1,0,0
114,887,82.67,0.04991109982219973,0,1,0
42,180,188.97,0.09420961204400702,0,0,1
81,957,82.98,-0.05338809034907589,0,1,0
39,189,150.11,0.933908786395259,0,0,1
60,392,190.8,0.866744936894629,0,0,1
28,254,172.2,4.911431513903192,0,0,1
30,303,195.01,0.04027525872186057,0,0,1
136,999,104.9,0.2600600600600601,0,1,0
153,1021,101.59,0.28448602857504107,0,1,0
34,157,171.88,0.3800080289040546,0,0,1
14,268,144.11,-0.31133518111440306,0,0,1
18,205,148.24,0.7907707175646292,0,0,1
198,1169,125.6,2.4986072423398324,0,1,0
13,192,149.51,0.27285884556444745,0,0,1
166,1026,95.18,-0.45314564780235567,0,1,0
88,676,28.52,0.1702913418137053,1,0,0
78,673,25.67,-0.8666493506493506,1,0,0
81,721,25.4,-0.8673352136216442,1,0,0
82,552,36.17,0.18241255312193533,1,0,0
26,246,155.31,1.0050348567002325,0,0,1
70,618,34.96,-0.5932518906340896,1,0,0
99,814,80.31,-0.5669219154443486,0,1,0
28,284,157.34,4.182476943346509,0,0,1
68,667,30.28,-0.8057106191851139,1,0,0
17,255,157.43,3.4559864138126244,0,0,1
149,925,101.22,0.16184573002754812,0,1,0
138,1008,101.89,-0.41317744629384323,0,1,0
97,685,31.15,-0.8397633744855967,1,0,0
161,1036,101.03,-0.15892440892440896,0,1,0
23,228,173.42,5.611513534121235,0,0,1
130,905,98.57,2.3722203215874096,0,1,0
45,365,202.19,-0.01221359128438126,0,0,1
31,215,154.12,3.4959159859976663,0,0,1
119,936,79.41,1.6719380888290714,0,1,0
19,208,154.59,-0.16193212620622358,0,0,1
25,175,145.43,0.17102826314518085,0,0,1
29,169,180.83,0.7768497592610791,0,0,1
48,257,173.26,0.2029438311462889,0,0,1
157,1046,99.06,-0.014328358208955201,0,1,0
65,378,203.95,1.5433345803716174,0,0,1
98,694,31.36,0.21221492075763426,1,0,0
26,311,186.2,0.5029461619178303,0,0,1
97,632,29.4,-0.19008264462809915,1,0,0
24,244,146.56,-0.2010031074524342,0,0,1
78,645,33.46,-0.6655672163918042,1,0,0
82,633,29.26,-0.19571192963166575,1,0,0
87,987,78.5,2.2371134020618557,0,1,0
167,1037,103.07,-0.1306511470985156,0,1,0
114,896,82.05,1.80896953098254,0,1,0
31,346,191.95,7.044844928751047,0,0,1
20,224,177.75,1.3211021154348395,0,0,1
176,1235,123.89,0.4755836112434494,0,1,0
98,865,80.77,-0.18652432269110694,0,1,0
104,925,83.85,2.4806973848069735,0,1,0
113,864,91.59,2.6016515926071566,0,1,0
15,155,179.29,0.7746213995842818,0,0,1
144,1017,99.41,1.9656921241050114,0,1,0
35,250,179.99,4.144041154615604,0,0,1
72,766,24.74,-0.7210193955796121,1,0,0
126,863,91.54,-0.04942886812045681,0,1,0
135,913,95.79,2.0929932192444305,0,1,0
144,921,101.67,2.2409945808096907,0,1,0
69,550,33.93,-0.6369569869462871,1,0,0
176,1183,115.61,3.6995934959349586,0,1,0
179,1263,124.62,0.6138306138306139,0,1,0
120,775,91.58,-0.40675001619485657,0,1,0
83,525,35.78,-0.6552322220080941,1,0,0
104,874,91.41,0.12297297297297285,0,1,0
48,107,156.76,1.0211449200618874,0,0,1
159,1009,96.98,-0.007166257166257195,0,1,0
45,253,199.29,1.1144827586206896,0,0,1
120,868,83.96,-0.102991452991453,0,1,0
83,817,76.62,-0.22126232340685026,0,1,0
43,106,156.5,4.024077046548957,0,0,1
38,324,174.01,1.123886244354937,0,0,1
63,507,33.83,-0.7717889908256881,1,0,0
59,340,203.16,1.1315706641485677,0,0,1
94,780,25.07,0.008853118712273596,1,0,0
80,720,24.99,-0.8604144556778193,1,0,0
33,103,154.24,4.302165692677897,0,0,1
83,509,29.74,-0.8345939933259177,1,0,0
22,198,187.15,1.38195239913453,0,0,1
167,1087,99.29,2.977964743589744,0,1,0
46,146,151.75,3.361885599310147,0,0,1
99,932,76.42,-0.5608803079928748,0,1,0
164,1094,103.43,-0.46961694272088605,0,1,0
140,997,97.81,0.000511456628477876,0,1,0
135,936,104.9,0.04067460317460326,0,1,0
183,1128,121.74,3.043175024908668,0,1,0
171,1222,124.54,3.7698199923401,0,1,0
145,911,104.37,-0.4266014723656741,0,1,0
57,370,190.77,0.2646337421279418,0,0,1
58,517,34.41,-0.615401810662792,1,0,0
146,1048,98.64,0.20542588292802155,0,1,0
86,828,77.68,2.0997605746209103,0,1,0
156,1046,97.95,0.042021276595744714,0,1,0
108,647,24.16,-0.7483333333333334,1,0,0
49,278,152.6,-0.22577371892440387,0,0,1
98,854,79.0,-0.5802337938363443,0,1,0
52,293,173.77,0.41138726445743995,0,0,1
89,723,24.41,-0.8343512486427797,1,0,0
70,686,30.99,-0.8462492558047231,1,0,0
60,594,35.74,-0.7109349725008088,1,0,0
87,947,81.53,-0.06854792642522564,0,1,0
183,1118,121.27,4.063465553235908,0,1,0
91,968,82.7,-0.13890045814244067,0,1,0
112,976,82.78,-0.17004210948466006,0,1,0
26,235,145.04,5.061011282908482,0,0,1
185,1241,121.52,-0.21285140562248997,0,1,0
162,1206,116.64,2.9863294600136703,0,1,0
37,213,142.91,-0.023638723782195857,0,0,1
41,197,145.18,0.7972270363951474,0,0,1
83,656,26.03,-0.8336741214057508,1,0,0
80,600,29.99,-0.7000700070007001,1,0,0
188,1140,118.58,0.16311917606669932,0,1,0
25,255,148.39,-0.2258047686127198,0,0,1
92,576,33.41,-0.839158482572694,1,0,0
99,727,23.8,-0.18072289156626506,1,0,0
168,1190,124.55,4.09198691741619,0,1,0
87,489,34.73,-0.6556954495885795,1,0,0
79,638,29.71,-0.618368657675016,1,0,0
87,851,83.42,-0.0790461470523294,0,1,0
78,532,28.7,-0.14225941422594146,1,0,0
137,877,90.11,-0.008472711267605591,0,1,0
46,255,151.09,-0.14415996374759255,0,0,1
68,606,36.3,-0.7652308886301902,1,0,0
40,262,146.81,0.6292309399622684,0,0,1
66,586,34.68,-0.6465552384834896,1,0,0
106,786,23.88,-0.7429217353859404,1,0,0
161,1210,119.13,3.684624459300039,0,1,0
13,273,145.96,4.050519031141869,0,0,1
81,610,31.23,-0.847651104931948,1,0,0
96,784,24.99,-0.7380777696258254,1,0,0
89,526,28.96,-0.6260330578512396,1,0,0
147,1061,103.78,-0.4632531678303594,0,1,0
114,926,76.15,-0.5944722547662158,0,1,0
70,455,36.03,-0.7017384105960265,1,0,0
62,611,35.99,0.20934139784946237,1,0,0
83,826,79.34,-0.18709016393442615,0,1,0
89,645,35.5,-0.8027777777777778,1,0,0
30,187,155.48,3.4095292115711855,0,0,1
56,492,35.87,-0.5472103004291846,1,0,0
128,714,89.56,1.438333787095018,0,1,0
120,872,83.5,1.8420694349897893,0,1,0
131,916,101.03,-0.29290313549832026,0,1,0
48,281,154.58,0.9594371910254786,0,0,1
177,1152,120.48,2.2927029242962558,0,1,0
48,272,179.48,6.422663358147228,0,0,1
74,682,29.03,-0.6974781158816173,1,0,0
34,207,144.24,0.6585029320455331,0,0,1
89,532,30.97,0.023801652892561947,1,0,0
187,1202,115.24,0.3985436893203882,0,1,0
125,765,87.66,-0.5822531452535266,0,1,0
115,769,85.95,1.396152773905771,0,1,0
99,795,24.52,-0.6813515269655621,1,0,0
63,563,30.28,0.25383022774327135,1,0,0
89,613,36.35,0.02307908809456798,1,0,0
113,966,79.53,-0.21714735702332907,0,1,0
167,1072,95.49,1.7710388856645385,0,1,0
84,631,31.31,-0.6118755423329614,1,0,0
18,174,149.24,4.185545517720639,0,0,1
52,258,207.8,1.4179660228066095,0,0,1
56,332,204.57,1.1499737256962688,0,0,1
177,1274,114.69,-0.40933202863470153,0,1,0
110,668,25.43,-0.2698822853861613,1,0,0
22,201,143.09,2.9245748765770707,0,0,1
65,533,35.26,-0.5661375661375662,1,0,0
61,521,29.51,-0.8376876959463176,1,0,0
90,918,79.73,2.0653594771241828,0,1,0
157,1001,98.91,-0.4812775330396476,0,1,0
86,798,25.65,-0.17417900837089506,1,0,0
159,1037,95.24,0.033308017793208126,0,1,0
153,969,99.76,-0.13858906830152834,0,1,0
50,275,182.43,6.0084517864003075,0,0,1
41,228,201.0,0.019890399837629323,0,0,1
162,1296,119.73,-0.16917632364166266,0,1,0
108,845,83.78,-0.2945436173795891,0,1,0
16,239,183.37,6.222134698700276,0,0,1
66,568,33.79,-0.6664692527884711,1,0,0
43,250,174.62,0.12476650563607088,0,0,1
77,683,29.68,-0.7109466303077522,1,0,0
76,532,34.68,-0.7156211562115622,1,0,0
134,982,102.21,0.0563249276560561,0,1,0
69,662,31.31,-0.8365866388308977,1,0,0
91,715,25.92,0.03390506581571605,1,0,0
139,942,101.72,1.8153888735123167,0,1,0
115,874,91.34,-0.27369592875318066,0,1,0
150,964,101.98,-0.1136027813993915,0,1,0
48,245,144.64,-0.17967332123411983,0,0,1
36,233,172.35,0.9216189095774334,0,0,1
70,450,34.69,0.3368015414258188,1,0,0
139,967,103.02,1.8482167542162011,0,1,0
88,757,25.92,0.06710580485796636,1,0,0
26,389,195.98,0.32975980458678245,0,0,1
10,152,143.01,0.872103678491949,0,0,1
79,572,36.46,-0.6348522784176264,1,0,0
131,945,96.18,1.6350684931506851,0,1,0
61,561,28.92,-0.6539842067480258,1,0,0
153,994,96.31,1.8144360023378143,0,1,0
90,734,25.43,-0.15458776595744678,1,0,0
91,656,23.93,-0.7964270523181626,1,0,0
119,820,89.87,-0.21675091511242803,0,1,0
28,112,146.99,-0.18275325252974536,0,0,1
89,647,34.86,0.17770270270270264,1,0,0
165,1260,124.74,4.046116504854369,0,1,0
80,471,34.62,-0.5590370653419947,1,0,0
40,208,185.09,4.121472053126729,0,0,1
108,736,25.62,-0.6848320826669947,1,0,0
190,1201,116.99,3.5135030864197527,0,1,0
68,669,30.76,-0.7067683508102954,1,0,0
59,217,203.58,1.5685087055261167,0,0,1
135,878,86.9,-0.012163237467318327,0,1,0
90,488,36.66,-0.7087008343265793,1,0,0
168,1033,104.35,3.1425168717745136,0,1,0
124,848,93.59,-0.5411130178965432,0,1,0
87,484,34.51,-0.6661507207120055,1,0,0
113,865,85.59,1.8303571428571432,0,1,0
90,531,33.98,-0.8223175067977411,1,0,0
106,797,25.95,-0.2285969084423306,1,0,0
178,1140,124.33,-0.2746207701283548,0,1,0
82,503,30.32,-0.11267193444542,1,0,0
148,963,96.1,2.1353996737357255,0,1,0
162,921,97.93,-0.48141283626350345,0,1,0
89,683,31.05,-0.832794830371567,1,0,0
109,747,91.57,0.03504012659658635,0,1,0
163,1225,123.64,0.35362382307860735,0,1,0
199,1277,124.29,-0.19600232874053947,0,1,0
130,761,87.93,2.4468835750686004,0,1,0
73,701,24.96,-0.856361857627899,1,0,0
75,651,25.25,-0.8757504182659187,1,0,0
42,218,200.22,4.781692174415246,0,0,1
138,836,91.72,-0.5199162522899765,0,1,0
86,696,24.21,-0.03584229390680998,1,0,0
44,275,182.66,1.2967433672827864,0,0,1
33,318,182.67,4.000547495209417,0,0,1
28,238,206.72,5.110552763819095,0,0,1
37,271,202.62,5.542460445592509,0,0,1
57,517,34.83,-0.8177012456819848,1,0,0
31,276,185.24,-0.0580697650767822,0,0,1
35,274,178.39,1.2920467685982269,0,0,1
23,314,183.43,0.5576596467391304,0,0,1
40,256,177.2,0.7005758157389633,0,0,1
82,505,36.57,-0.6837599446558283,1,0,0
15,170,187.34,0.5232132693714937,0,0,1
17,278,188.2,4.554899645808736,0,0,1
119,942,76.75,-0.33613009255254733,0,1,0
56,361,191.05,1.0007330610535137,0,0,1
143,1001,97.48,3.059975010412328,0,1,0
52,247,175.32,-0.017209484836593944,0,0,1
149,916,98.54,0.08488384894858536,0,1,0
104,788,24.72,-0.2720848056537103,1,0,0
149,937,98.05,-0.34362029722854465,0,1,0
99,741,25.38,0.05136702568351278,1,0,0
65,533,29.87,-0.6561132857471793,1,0,0
80,760,24.28,-0.7980201314366525,1,0,0
162,1086,96.29,2.8873637464675013,0,1,0
38,262,172.07,6.083985179086044,0,0,1
131,852,86.11,2.3479782270606533,0,1,0
100,616,30.08,-0.16141622525787566,1,0,0
43,161,144.39,-0.0044815223386652355,0,0,1
46,238,178.71,1.217520784216404,0,0,1
40,222,172.64,-0.038110095832404746,0,0,1
80,536,34.46,-0.7686627282491943,1,0,0
86,663,29.76,-0.6998184385717167,1,0,0
113,884,87.12,-0.4435715654339911,0,1,0
32,237,192.5,0.3236608677714364,0,0,1
55,300,204.14,5.8457411133467465,0,0,1
112,746,88.26,-0.09486206542918675,0,1,0
62,564,28.79,-0.8059842307433116,1,0,0
24,335,174.42,0.1900927947598252,0,0,1
105,822,94.33,-0.009242726604348236,0,1,0
108,837,78.08,1.2443230813452142,0,1,0
74,657,24.81,-0.3001410437235544,1,0,0
61,605,35.87,-0.815303022501416,1,0,0
101,844,93.46,-0.3987003795920994,0,1,0
88,540,34.9,-0.5947044477993264,1,0,0
94,988,82.24,1.397667638483965,0,1,0
25,218,156.7,0.5144486324538513,0,0,1
49,138,154.45,4.320358250086117,0,0,1
167,1014,99.68,0.13854940034266144,0,1,0
167,1295,124.19,-0.18161449752883033,0,1,0
116,953,79.21,2.154520111509359,0,1,0
82,637,35.87,-0.7048222514812377,1,0,0
197,1255,125.2,-0.28301454587103425,0,1,0
42,309,187.95,5.427838577291381,0,0,1
184,1118,115.5,0.40699232549640635,0,1,0
86,933,81.12,-0.535049005559695,0,1,0
26,181,145.64,3.1995386389850053,0,0,1
90,806,82.21,-0.5572013357750727,0,1,0
69,547,36.45,0.23517451711284312,1,0,0
21,269,173.93,0.7496227743687759,0,0,1
115,821,88.31,-0.060531914893617,0,1,0
20,172,174.05,-0.05587198264171404,0,0,1
110,673,25.85,-0.7931503560854606,1,0,0
50,241,197.42,5.335686777920411,0,0,1
101,763,25.17,-0.6870181546878885,1,0,0
80,604,30.64,-0.5972130932036281,1,0,0
26,199,147.36,0.45397138628515066,0,0,1
18,344,185.44,6.538211382113821,0,0,1
16,171,149.13,3.3861764705882353,0,0,1
19,346,179.69,-0.10253720907002298,0,0,1
103,794,23.96,-0.285416045332538,1,0,0
69,615,30.48,-0.8444183553672605,1,0,0
155,1014,99.14,2.9294490685691637,0,1,0
68,511,34.59,-0.7623007146783947,1,0,0
