product_id,category,demand,previous_year_sales,previous_year_price,price
1,electronics,150,1000,99.99,109.99
2,clothing,80,600,29.99,34.99
3,furniture,30,200,149.99,179.99
4,electronics,120,800,89.99,99.99
5,clothing,90,700,24.99,29.99
6,furniture,45,300,199.99,239.99
7,electronics,180,1200,119.99,129.99
8,clothing,75,550,34.99,39.99
9,furniture,35,250,179.99,209.99
10,electronics,100,900,79.99,89.99
11,electronics,190,1288,115.7,124.19
12,electronics,133,808,91.72,96.89
13,clothing,78,461,33.96,38.15
14,clothing,104,788,24.72,29.67
15,electronics,165,1260,124.74,133.92
16,electronics,98,844,77.62,88.56
17,furniture,39,189,150.11,178.99
18,electronics,166,1202,119.02,132.27
19,clothing,64,646,33.3,40.03
20,clothing,110,607,25.72,31.07
21,electronics,131,852,86.11,103.65
22,clothing,88,540,34.9,38.03
23,clothing,82,623,35.2,41.1
24,furniture,24,186,151.92,179.28
25,furniture,54,357,203.76,251.72
26,clothing,106,774,24.37,29.94
27,clothing,88,676,28.52,36.69
28,clothing,76,624,35.77,41.01
29,furniture,28,283,200.7,233.96
30,clothing,79,581,31.0,35.12
31,clothing,101,745,25.79,31.47
32,electronics,165,1093,103.42,113.92
33,electronics,83,867,79.87,86.37
34,furniture,51,360,196.66,244.94
35,furniture,31,276,185.24,206.75
36,electronics,141,1063,99.5,104.57
37,electronics,101,881,77.46,89.12
38,furniture,26,246,155.31,175.22
39,electronics,169,1255,124.58,134.13
40,electronics,100,867,89.69,98.36
41,furniture,36,233,172.35,216.87
42,furniture,35,212,148.31,171.0
43,clothing,87,675,25.75,29.41
44,furniture,23,221,156.02,175.33
45,electronics,188,1242,116.43,126.53
46,clothing,81,640,23.91,28.69
47,furniture,50,316,186.78,203.42
48,electronics,194,1101,118.66,130.71
49,clothing,71,690,30.12,34.26
50,electronics,106,728,94.2,99.16
51,furniture,43,254,172.19,207.4
52,clothing,70,693,30.43,36.31
53,electronics,112,850,76.58,93.64
54,furniture,20,224,177.75,209.84
55,electronics,94,809,82.42,88.46
56,clothing,101,741,24.82,28.81
57,clothing,70,550,31.48,36.58
58,electronics,122,817,90.52,95.59
59,electronics,185,1300,117.84,127.36
60,clothing,88,570,34.01,39.18
61,furniture,43,138,147.75,176.76
62,electronics,158,927,98.72,106.3
63,electronics,103,702,86.11,102.82
64,clothing,76,583,29.6,33.67
65,clothing,89,647,34.86,40.53
66,electronics,112,854,91.99,96.23
67,clothing,100,616,30.46,33.49
68,furniture,63,201,204.17,249.82
69,furniture,39,292,190.16,232.55
70,electronics,108,965,77.73,92.88
71,electronics,128,830,91.44,100.44
72,furniture,35,343,199.67,229.86
73,clothing,91,593,28.51,36.58
74,electronics,81,839,82.43,87.71
75,clothing,73,501,30.81,36.25
76,electronics,99,880,80.38,87.01
77,electronics,121,868,86.09,103.53
78,clothing,65,461,35.92,38.04
79,electronics,186,1262,120.99,130.14
80,furniture,17,214,185.06,215.65
81,clothing,71,504,35.87,41.73
82,clothing,97,644,25.75,31.22
83,clothing,88,600,30.04,36.11
84,clothing,90,661,24.09,31.15
85,clothing,70,498,35.59,38.79
86,electronics,116,926,80.95,88.05
87,furniture,34,302,184.35,205.56
88,furniture,20,172,174.05,207.41
89,electronics,148,1051,96.94,108.82
90,furniture,19,187,187.02,210.93
91,electronics,162,1127,122.99,125.57
92,furniture,15,170,187.34,214.01
93,clothing,92,631,35.9,38.66
94,electronics,144,1006,100.96,107.9
95,clothing,88,595,35.53,40.0
96,clothing,89,613,36.35,41.18
97,furniture,34,198,151.17,184.3
98,electronics,153,1072,101.31,111.59
99,clothing,66,568,33.79,38.61
100,furniture,27,172,149.6,180.84
101,furniture,24,280,153.24,172.56
102,electronics,145,1021,97.7,108.64
103,clothing,96,629,24.25,29.73
104,electronics,87,987,78.5,85.85
105,electronics,184,1207,116.89,127.05
106,electronics,96,897,77.71,94.09
107,furniture,43,181,178.64,219.52
108,electronics,167,1294,124.88,128.07
109,furniture,29,344,180.12,200.4
110,clothing,81,605,33.9,38.71
111,clothing,66,671,28.72,34.61
112,electronics,132,978,101.95,114.92
113,electronics,188,1140,118.58,125.33
114,electronics,183,1162,123.85,133.42
115,clothing,57,472,35.55,38.43
116,clothing,89,703,25.73,31.43
117,furniture,24,174,146.57,177.86
118,clothing,79,497,35.66,41.09
119,furniture,54,359,195.27,236.21
120,furniture,23,156,156.58,182.29
121,electronics,136,1017,101.35,106.6
122,furniture,26,199,147.36,173.62
123,clothing,89,723,24.41,31.3
124,furniture,45,260,145.35,187.51
125,electronics,138,1051,101.94,114.25
126,clothing,107,766,24.29,30.37
127,electronics,101,833,80.75,92.76
128,electronics,161,1283,117.17,124.39
129,electronics,183,1255,121.93,127.84
130,furniture,22,314,185.66,206.08
131,electronics,90,806,82.21,91.21
132,electronics,92,995,82.08,88.69
133,furniture,26,264,145.31,173.66
134,electronics,167,1155,115.05,131.24
135,electronics,150,964,101.98,113.45
136,electronics,117,892,88.81,98.81
137,electronics,129,746,89.38,96.31
138,clothing,87,747,23.82,29.08
139,electronics,190,1118,117.11,126.58
140,electronics,197,1256,114.39,127.39
141,electronics,131,887,93.4,101.42
142,electronics,170,1245,116.91,131.3
143,furniture,34,262,150.85,183.52
144,furniture,57,370,190.77,236.69
145,clothing,97,625,30.49,36.12
146,electronics,120,938,78.57,87.33
147,furniture,22,198,187.15,209.34
148,clothing,80,712,25.96,30.89
149,furniture,46,237,196.5,232.31
150,electronics,123,763,93.6,96.09
151,electronics,120,868,83.96,93.44
152,electronics,176,1235,123.89,127.95
153,furniture,26,311,186.2,213.85
154,electronics,191,1275,116.98,123.82
155,electronics,144,1015,100.76,112.08
156,electronics,145,1083,95.66,107.97
157,furniture,36,214,172.7,200.66
158,furniture,42,180,188.97,212.3
159,electronics,119,831,88.43,97.4
160,furniture,47,262,184.46,207.61
161,furniture,19,208,154.59,172.44
162,electronics,199,1277,124.29,125.4
163,furniture,56,268,209.94,235.14
164,clothing,87,607,34.09,38.35
165,furniture,16,269,171.72,218.62
166,clothing,102,687,24.77,28.51
167,electronics,162,1086,96.29,109.81
168,furniture,50,166,142.83,173.21
169,electronics,92,874,78.87,88.26
170,clothing,84,494,35.98,41.69
171,furniture,57,203,201.31,231.87
172,clothing,67,603,34.33,41.85
173,furniture,40,304,182.77,203.81
174,electronics,121,873,87.58,102.41
175,electronics,168,1006,95.13,110.5
176,electronics,131,1091,102.63,114.22
177,electronics,117,850,80.98,90.48
178,electronics,138,749,92.35,100.34
179,electronics,185,1105,114.46,126.03
180,clothing,74,558,31.0,33.82
181,furniture,43,224,151.78,187.49
182,electronics,169,1042,100.62,108.1
183,clothing,80,629,25.3,29.61
184,electronics,132,1069,103.63,112.85
185,clothing,60,571,35.29,39.35
186,electronics,138,1024,100.8,114.96
187,electronics,135,936,104.9,112.61
188,clothing,68,669,30.76,35.33
189,clothing,98,623,29.82,36.32
190,furniture,55,300,204.14,229.18
191,electronics,191,1134,118.66,126.83
192,clothing,110,686,24.31,29.89
193,electronics,141,1033,100.96,106.99
194,electronics,137,1095,104.27,112.67
195,furniture,17,117,156.43,187.54
196,clothing,87,700,29.52,34.72
197,clothing,89,712,25.06,29.52
198,electronics,86,828,77.68,94.14
199,furniture,35,276,209.9,238.67
200,electronics,179,1158,125.76,129.85
201,electronics,115,874,91.34,98.51
202,electronics,163,1225,123.64,135.31
203,clothing,60,594,35.74,40.27
204,electronics,151,1008,100.92,112.87
205,furniture,50,221,191.06,247.47
206,clothing,57,517,34.83,39.36
207,clothing,110,668,25.43,29.79
208,electronics,113,864,91.59,103.47
209,clothing,70,548,29.61,34.51
210,furniture,42,340,208.82,247.04
211,furniture,36,361,193.34,250.57
212,electronics,152,1008,99.99,111.35
213,furniture,26,235,183.43,215.06
214,furniture,37,252,203.93,247.31
215,furniture,34,222,152.22,186.2
216,electronics,118,786,87.97,98.94
217,electronics,135,878,86.9,95.5
218,furniture,17,230,152.03,178.22
219,electronics,108,841,80.78,91.55
220,furniture,41,197,145.18,179.1
221,furniture,27,259,153.07,184.47
222,electronics,105,808,89.59,98.56
223,electronics,177,1150,122.0,131.74
224,electronics,118,784,93.03,96.85
225,furniture,36,323,174.05,215.23
226,electronics,166,1026,95.18,110.49
227,clothing,86,470,35.97,38.81
228,electronics,200,1143,121.31,127.29
229,clothing,62,638,30.59,35.86
230,clothing,82,552,36.17,39.92
231,electronics,139,967,103.02,106.87
232,furniture,49,278,188.29,219.8
233,furniture,43,241,180.64,214.51
234,clothing,74,690,29.96,36.59
235,electronics,192,1123,118.81,129.04
236,electronics,86,924,77.22,89.77
237,furniture,21,240,151.08,187.15
238,electronics,189,1210,117.31,130.32
239,electronics,100,897,83.36,91.86
240,furniture,45,288,181.49,204.79
241,electronics,123,878,90.83,99.46
242,electronics,149,916,98.54,105.85
243,clothing,96,598,28.65,33.96
244,electronics,133,981,95.31,104.5
245,clothing,97,703,24.8,28.61
246,clothing,89,751,23.95,31.42
247,electronics,183,1118,121.27,126.64
248,furniture,46,314,186.85,213.42
249,furniture,55,234,186.88,217.11
250,furniture,45,107,152.38,180.9
251,furniture,43,127,145.66,173.75
252,furniture,45,104,155.43,184.1
253,electronics,101,844,93.46,100.99
254,clothing,69,550,33.93,40.91
255,furniture,58,363,204.74,246.46
256,clothing,90,567,34.24,41.89
257,electronics,135,1046,103.02,110.8
258,clothing,93,513,36.73,39.36
259,electronics,111,790,85.76,101.47
260,electronics,132,1016,103.96,105.24
261,clothing,72,547,35.42,41.58
262,electronics,139,710,94.25,96.18
263,furniture,45,253,199.29,235.86
264,clothing,69,622,36.21,41.25
265,electronics,132,746,86.05,100.96
266,furniture,44,239,147.52,178.08
267,furniture,40,298,172.2,209.43
268,furniture,17,238,157.12,186.37
269,furniture,50,154,185.7,206.63
270,clothing,89,683,31.05,36.28
271,clothing,82,519,31.3,33.55
272,clothing,73,668,28.75,35.96
273,furniture,38,245,197.7,248.33
274,furniture,11,111,143.56,174.26
275,furniture,51,219,174.78,208.53
276,electronics,104,716,87.55,96.65
277,electronics,167,1014,99.68,112.26
278,electronics,140,846,87.91,100.34
279,electronics,143,1053,96.0,111.48
280,clothing,108,647,24.16,29.08
281,electronics,124,807,86.82,97.11
282,clothing,74,501,36.65,38.16
283,clothing,56,545,35.9,39.28
284,electronics,198,1169,125.6,130.77
285,furniture,15,282,149.09,186.43
286,electronics,146,1001,97.77,111.83
287,electronics,154,974,102.97,109.28
288,furniture,37,260,147.38,188.15
289,furniture,26,389,195.98,245.25
290,electronics,194,1250,116.78,135.58
291,furniture,61,342,192.58,240.65
292,furniture,29,354,195.12,234.2
293,furniture,25,391,197.1,229.26
294,furniture,49,278,152.6,184.06
295,furniture,36,380,191.24,230.9
296,clothing,90,531,33.98,39.2
297,clothing,82,591,30.92,35.1
298,clothing,100,778,24.11,30.18
299,electronics,140,1074,98.42,111.1
300,electronics,139,903,103.64,106.32
301,clothing,72,734,24.13,29.63
302,furniture,23,208,143.73,182.1
303,electronics,115,862,89.85,104.69
304,furniture,19,147,147.03,184.09
305,electronics,158,972,100.62,114.64
306,electronics,139,971,103.03,112.87
307,clothing,81,715,24.08,30.27
308,furniture,54,372,201.6,232.6
309,furniture,50,180,150.07,182.99
310,furniture,15,230,173.58,212.58
311,clothing,74,712,25.3,30.3
312,clothing,74,545,34.2,39.95
313,electronics,137,971,99.87,110.31
314,clothing,81,746,23.95,29.49
315,furniture,10,162,149.38,180.34
316,electronics,149,937,98.05,106.66
317,electronics,127,766,92.89,103.04
318,clothing,106,786,23.88,29.05
319,electronics,196,1168,119.01,124.59
320,electronics,141,912,99.57,109.29
321,furniture,46,274,153.36,182.84
322,clothing,87,688,30.21,34.77
323,furniture,29,180,183.0,205.3
324,electronics,85,913,82.21,90.51
325,furniture,44,221,207.23,236.32
326,electronics,93,892,78.5,93.89
327,furniture,11,270,150.56,187.6
328,clothing,63,516,36.18,40.0
329,clothing,91,503,36.7,39.3
330,clothing,79,637,31.16,35.82
331,furniture,50,241,197.42,228.87
332,electronics,188,1163,116.33,129.66
333,clothing,60,625,29.96,34.42
334,electronics,114,820,81.92,93.77
335,clothing,65,693,29.97,33.28
336,electronics,116,968,79.86,90.47
337,electronics,134,1051,103.37,112.64
338,clothing,87,484,34.51,39.93
339,electronics,143,1083,103.59,105.43
340,furniture,26,179,178.31,219.91
341,furniture,44,256,196.55,240.42
342,electronics,183,1146,119.44,131.47
343,electronics,113,962,82.09,87.62
344,electronics,184,1118,115.5,129.78
345,electronics,108,913,77.56,89.35
346,furniture,48,107,156.76,172.34
347,clothing,90,525,29.02,33.61
348,furniture,37,262,181.21,217.08
349,clothing,92,520,35.27,38.95
350,electronics,99,829,79.91,87.24
351,electronics,182,1234,121.73,130.05
352,furniture,30,216,175.13,215.63
353,electronics,107,764,90.46,95.61
354,electronics,120,735,88.84,100.76
355,electronics,130,924,101.61,105.8
356,clothing,62,486,33.73,38.14
357,furniture,38,100,151.05,171.94
358,electronics,191,1242,116.21,134.33
359,clothing,97,536,29.33,33.65
360,clothing,64,640,29.15,33.4
361,electronics,181,1235,116.18,129.18
362,furniture,58,332,206.5,248.25
363,furniture,10,287,146.78,175.71
364,furniture,40,277,187.68,208.35
365,electronics,89,1000,83.75,85.85
366,furniture,54,326,201.42,238.77
367,electronics,97,800,77.13,90.69
368,electronics,96,963,78.99,90.63
369,furniture,50,234,205.94,235.97
370,electronics,137,1093,98.66,107.96
371,electronics,139,890,86.27,96.06
372,electronics,91,903,80.44,88.79
373,furniture,51,222,206.89,230.38
374,furniture,32,208,205.91,246.39
375,clothing,94,633,24.18,31.39
376,electronics,133,1073,101.72,115.16
377,clothing,87,577,34.01,41.45
378,clothing,70,603,24.29,30.29
379,clothing,88,757,25.92,30.59
380,electronics,190,1201,116.99,127.2
381,electronics,115,774,87.86,101.3
382,furniture,38,298,190.0,238.93
383,electronics,104,771,93.33,99.81
384,furniture,50,102,154.38,184.63
385,electronics,185,1241,121.52,127.16
386,clothing,82,637,35.87,39.26
387,electronics,101,872,86.86,104.24
388,clothing,65,533,29.87,33.44
389,electronics,88,844,78.8,89.86
390,furniture,42,160,143.9,187.42
391,electronics,170,982,99.85,111.2
392,clothing,79,572,36.46,40.18
393,furniture,22,201,143.09,175.49
394,electronics,88,815,78.32,88.58
395,electronics,172,1165,116.48,134.57
396,electronics,110,967,77.9,90.52
397,clothing,110,744,26.01,30.03
398,electronics,90,918,79.73,86.39
399,clothing,73,761,24.91,28.54
400,electronics,193,1223,123.12,136.02
401,furniture,52,293,173.77,207.41
402,clothing,73,701,24.96,30.3
403,electronics,167,1087,99.29,105.37
404,electronics,98,865,80.77,91.64
405,electronics,85,993,83.99,93.88
406,electronics,163,912,102.68,110.82
407,clothing,77,683,29.68,33.68
408,furniture,37,310,206.54,241.95
409,furniture,55,308,174.06,215.58
410,clothing,77,483,33.35,39.62
411,clothing,88,638,24.25,31.13
412,electronics,140,1094,98.39,111.63
413,electronics,160,1235,120.12,135.18
414,clothing,93,719,25.28,30.36
415,furniture,31,325,208.2,231.14
416,electronics,184,1154,120.11,127.52
417,furniture,30,126,150.01,174.62
418,electronics,94,917,76.39,93.67
419,furniture,10,152,143.01,184.68
420,clothing,81,638,25.12,30.52
421,furniture,31,264,198.75,235.21
422,furniture,29,294,186.09,203.36
423,clothing,90,757,24.14,30.76
424,electronics,148,1080,95.24,109.71
425,electronics,128,712,89.53,97.25
426,clothing,94,620,24.33,30.34
427,electronics,112,946,76.39,85.85
428,electronics,111,852,81.79,88.43
429,clothing,104,618,24.02,29.9
430,electronics,197,1156,121.29,125.41
431,electronics,125,724,88.02,104.84
432,electronics,140,930,96.73,106.79
433,clothing,104,680,24.69,28.88
434,electronics,167,1282,123.61,126.14
435,electronics,93,822,79.13,92.41
436,electronics,89,831,82.0,89.32
437,furniture,26,389,192.5,241.56
438,clothing,78,673,25.67,28.55
439,electronics,102,709,87.62,95.33
440,clothing,80,699,30.52,34.8
441,electronics,125,753,90.58,103.16
442,electronics,87,851,83.42,93.46
443,electronics,81,947,79.09,86.27
444,furniture,15,259,143.48,180.68
445,electronics,107,913,76.14,93.71
446,electronics,158,913,103.26,108.76
447,clothing,80,627,35.08,41.31
448,clothing,94,755,25.68,28.89
449,electronics,111,809,87.6,104.34
450,clothing,59,502,34.45,41.0
451,electronics,193,1251,114.35,135.73
452,clothing,96,578,31.37,35.61
453,electronics,144,921,101.67,108.49
454,electronics,135,729,93.89,104.37
455,clothing,69,640,34.17,39.09
456,clothing,82,503,30.32,34.4
457,furniture,15,158,152.67,183.6
458,electronics,150,907,98.17,112.91
459,electronics,152,911,103.47,114.71
460,furniture,25,218,156.7,174.68
461,clothing,84,758,25.95,30.88
462,furniture,34,133,153.58,184.28
463,electronics,165,981,97.76,105.19
464,electronics,140,997,97.81,108.75
465,clothing,69,576,36.61,39.12
466,electronics,83,874,76.07,88.23
467,clothing,80,604,30.64,36.68
468,furniture,22,148,153.08,182.56
469,clothing,81,578,30.36,35.75
470,furniture,28,284,157.34,188.57
471,electronics,193,1192,117.73,128.39
472,electronics,143,1053,98.39,113.31
473,electronics,83,817,76.62,89.4
474,clothing,81,545,34.79,41.47
475,electronics,108,837,78.08,87.12
476,electronics,107,886,78.74,94.02
477,electronics,114,887,82.67,87.46
478,clothing,67,549,31.3,34.38
479,furniture,25,107,145.28,184.6
480,furniture,50,318,177.7,207.76
481,electronics,189,1233,125.13,131.4
482,electronics,117,768,86.05,99.44
483,electronics,81,971,76.73,92.17
484,clothing,82,720,24.15,29.18
485,clothing,63,563,30.28,33.45
486,clothing,80,606,33.77,39.19
487,electronics,124,855,94.2,99.73
488,furniture,44,288,179.03,203.02
489,clothing,80,720,24.99,29.55
490,furniture,21,214,175.43,207.89
491,electronics,130,806,89.73,95.56
492,electronics,89,946,81.29,90.74
493,clothing,108,736,25.62,31.14
494,furniture,27,304,184.56,202.68
495,clothing,85,611,35.26,40.38
496,furniture,16,271,156.05,182.96
497,electronics,165,1095,103.16,109.1
498,furniture,29,199,153.85,183.61
499,electronics,103,781,85.99,99.1
500,clothing,66,642,28.51,35.01
501,electronics,130,950,97.11,104.57
502,electronics,172,1240,121.95,132.48
503,clothing,76,532,34.68,40.64
504,electronics,180,1276,118.82,123.99
505,clothing,91,797,25.95,29.59
506,electronics,157,1011,103.95,115.26
507,electronics,168,1155,124.9,128.96
508,electronics,185,1278,117.76,130.02
509,furniture,23,314,183.43,218.6
510,furniture,24,244,146.56,183.9
511,furniture,24,335,174.42,211.71
512,electronics,153,1056,96.84,113.27
513,electronics,137,1060,98.41,114.0
514,electronics,123,759,89.36,99.56
515,furniture,30,269,185.95,209.47
516,furniture,50,382,192.39,237.26
517,furniture,36,237,153.51,188.39
518,electronics,166,1074,100.3,112.16
519,electronics,103,722,88.08,95.82
520,furniture,38,298,179.86,217.61
521,furniture,28,112,146.99,179.64
522,furniture,50,250,181.72,200.93
523,electronics,198,1260,119.2,130.64
524,electronics,109,723,86.97,99.16
525,furniture,34,207,144.24,186.79
526,electronics,97,810,80.36,87.33
527,clothing,88,616,26.0,30.97
528,clothing,105,795,24.6,30.16
529,furniture,19,274,153.48,171.97
530,furniture,47,174,182.85,219.9
531,electronics,104,793,93.87,100.12
532,clothing,104,800,25.79,29.36
533,electronics,133,720,90.59,99.68
534,clothing,102,683,25.38,31.06
535,electronics,180,1239,124.77,127.45
536,furniture,31,186,178.18,203.54
537,electronics,181,1141,117.91,125.17
538,clothing,106,744,23.77,29.38
539,electronics,94,900,82.6,92.51
540,electronics,114,847,82.4,89.73
541,electronics,187,1202,115.24,126.45
542,electronics,86,827,80.6,86.99
543,clothing,101,640,24.9,29.49
544,furniture,20,198,144.27,187.91
545,electronics,169,1146,125.76,127.95
546,clothing,68,645,29.13,36.7
547,furniture,28,254,172.2,209.68
548,electronics,92,923,80.75,87.1
549,electronics,104,998,81.9,93.51
550,electronics,131,912,95.31,109.55
551,furniture,59,340,203.16,245.02
552,electronics,166,1199,120.38,136.28
553,clothing,75,480,33.6,38.19
554,electronics,97,929,77.37,86.36
555,furniture,17,165,181.21,214.62
556,clothing,98,636,29.38,34.23
557,electronics,120,872,83.5,87.15
558,clothing,70,665,30.95,33.38
559,clothing,108,653,26.2,28.56
560,clothing,93,783,24.39,30.81
561,furniture,43,299,209.38,231.22
562,furniture,13,208,148.96,179.41
563,clothing,80,536,34.46,40.41
564,electronics,167,1072,95.49,109.2
565,furniture,56,361,191.05,228.64
566,electronics,138,836,91.72,102.82
567,electronics,165,907,99.57,104.61
568,electronics,199,1106,116.71,133.39
569,furniture,51,185,182.04,218.25
570,electronics,132,717,87.77,99.32
571,electronics,135,702,90.69,100.35
572,furniture,27,227,197.17,239.44
573,furniture,18,169,154.84,178.0
574,furniture,32,371,206.4,249.29
575,electronics,192,1248,119.72,135.11
576,electronics,85,827,78.8,88.51
577,electronics,120,853,78.89,91.03
578,furniture,48,281,154.58,187.67
579,electronics,163,1164,117.93,136.0
580,furniture,22,199,145.63,180.15
581,clothing,61,520,28.74,34.82
582,electronics,84,812,79.72,88.0
583,electronics,126,756,89.83,104.58
584,clothing,86,498,36.18,38.56
585,furniture,35,267,174.97,211.67
586,electronics,167,1153,118.56,127.16
587,electronics,167,1037,103.07,107.56
588,furniture,17,152,154.84,178.28
589,furniture,17,193,177.91,220.46
590,electronics,132,946,99.58,105.1
591,furniture,36,202,176.45,211.64
592,clothing,60,523,36.5,38.32
593,electronics,131,945,96.18,106.19
594,furniture,47,212,208.66,238.54
595,clothing,71,764,25.45,30.02
596,furniture,62,301,200.62,234.2
597,electronics,96,823,76.25,88.34
598,clothing,104,601,24.93,28.75
599,furniture,58,280,198.15,235.27
600,clothing,92,699,24.14,31.39
601,clothing,99,741,25.38,31.32
602,electronics,107,837,94.23,98.34
603,furniture,31,262,150.92,181.27
604,furniture,45,252,153.21,187.36
605,electronics,104,830,86.11,95.05
606,furniture,27,260,178.51,216.51
607,clothing,88,601,28.84,36.56
608,furniture,45,166,182.02,201.41
609,electronics,145,911,104.37,106.27
610,electronics,159,1081,101.61,115.06
611,clothing,85,715,23.93,30.1
612,furniture,36,223,197.08,228.33
613,furniture,41,228,201.0,234.17
614,furniture,25,270,148.54,179.09
615,electronics,171,1252,123.99,132.5
616,furniture,22,271,185.65,214.89
617,electronics,99,987,80.88,94.45
618,clothing,57,539,34.55,39.14
619,furniture,40,264,195.1,240.91
620,clothing,84,533,33.61,40.12
621,clothing,92,718,24.63,29.71
622,clothing,82,605,34.69,38.67
623,electronics,119,815,81.4,94.29
624,electronics,104,874,91.41,103.52
625,electronics,99,903,76.55,89.97
626,clothing,94,541,34.62,40.4
627,electronics,80,985,77.44,87.54
628,clothing,89,526,28.96,35.14
629,clothing,90,780,25.81,30.57
630,furniture,34,319,171.74,210.31
631,electronics,105,886,89.26,104.89
632,furniture,46,374,193.35,242.66
633,electronics,147,1061,103.78,108.57
634,furniture,22,314,181.02,215.7
635,electronics,168,1033,97.3,106.37
636,clothing,101,734,25.0,29.64
637,electronics,132,852,92.07,98.46
638,furniture,25,132,156.86,178.76
639,furniture,36,254,194.4,246.75
640,clothing,97,685,31.15,34.93
641,furniture,43,106,156.5,185.28
642,clothing,83,656,26.03,30.22
643,furniture,50,275,182.43,206.67
644,clothing,92,511,30.38,36.07
645,electronics,102,815,79.22,87.63
646,clothing,56,492,35.87,38.89
647,clothing,100,616,30.08,35.01
648,clothing,90,734,25.43,29.27
649,electronics,161,1210,119.13,123.61
650,clothing,81,500,35.8,40.58
651,electronics,138,1100,103.23,110.11
652,furniture,25,359,192.92,238.68
653,electronics,140,974,103.32,115.13
654,clothing,62,507,30.11,35.24
655,electronics,152,1099,103.44,113.99
656,clothing,95,644,24.82,28.91
657,electronics,83,858,79.02,90.61
658,furniture,32,281,187.46,217.72
659,furniture,30,303,195.01,241.98
660,electronics,164,1094,103.43,112.39
661,electronics,151,1056,99.83,108.58
662,clothing,74,656,30.03,33.56
663,furniture,36,247,176.54,209.11
664,furniture,46,255,151.09,178.09
665,electronics,141,978,98.24,114.03
666,clothing,107,723,23.84,29.22
667,electronics,177,1271,117.25,136.06
668,furniture,59,203,190.12,250.98
669,electronics,159,989,104.77,107.21
670,clothing,93,703,26.15,29.53
671,clothing,99,736,24.73,31.18
672,furniture,38,318,204.56,251.19
673,furniture,15,232,147.68,178.97
674,clothing,72,655,25.42,29.45
675,electronics,175,1195,123.65,130.33
676,clothing,76,777,26.11,30.55
677,clothing,83,674,24.74,29.31
678,clothing,78,742,25.7,30.7
679,electronics,94,831,78.12,85.96
680,electronics,100,827,83.91,85.93
681,furniture,44,121,142.88,177.94
682,electronics,131,916,101.03,108.38
683,clothing,96,658,25.39,29.44
684,furniture,16,239,183.37,209.8
685,electronics,164,1098,96.19,108.02
686,furniture,27,205,156.57,174.45
687,electronics,113,884,87.12,98.08
688,electronics,149,925,101.22,115.21
689,electronics,147,924,97.22,109.01
690,clothing,64,587,34.32,39.77
691,clothing,84,544,30.13,35.26
692,clothing,56,532,34.7,41.92
693,electronics,184,1110,115.91,126.63
694,electronics,112,980,77.36,91.62
695,electronics,115,999,79.34,91.93
696,clothing,90,603,30.76,35.37
697,furniture,38,267,207.95,230.12
698,furniture,25,294,191.67,244.23
699,furniture,25,255,148.39,172.14
700,clothing,62,564,28.79,35.33
701,electronics,164,948,95.16,112.63
702,furniture,65,374,203.22,233.05
703,clothing,75,651,25.25,31.01
704,furniture,39,251,173.92,200.13
705,electronics,142,1081,97.33,113.77
706,electronics,193,1287,114.27,129.47
707,clothing,77,656,25.83,29.14
708,clothing,90,646,26.18,28.89
709,clothing,93,658,28.9,36.58
710,furniture,13,273,145.96,172.3
711,electronics,184,1125,124.41,126.08
712,furniture,39,313,208.52,236.34
713,clothing,63,504,29.75,35.41
714,furniture,36,283,191.0,241.07
715,clothing,91,551,28.61,33.68
716,clothing,91,604,30.21,34.25
717,clothing,87,553,29.67,34.08
718,furniture,22,260,142.92,174.83
719,clothing,90,677,30.24,34.68
720,electronics,113,865,85.59,102.03
721,furniture,34,304,185.16,204.06
722,furniture,42,214,196.12,236.79
723,electronics,158,960,95.39,108.79
724,clothing,60,571,35.3,41.9
725,electronics,191,1120,118.76,135.9
726,electronics,108,845,83.78,92.69
727,furniture,11,296,150.65,175.34
728,electronics,152,1033,97.74,105.24
729,clothing,88,637,25.51,29.44
730,electronics,130,761,87.93,97.66
731,electronics,84,885,83.22,90.04
732,clothing,73,639,34.55,41.1
733,electronics,163,977,100.49,113.93
734,electronics,89,845,76.4,93.09
735,electronics,154,1040,99.25,108.45
736,electronics,101,702,92.98,101.86
737,clothing,65,455,36.06,39.24
738,clothing,100,692,24.3,28.67
739,clothing,74,507,29.17,35.7
740,furniture,33,371,206.34,228.23
741,clothing,92,707,26.07,29.72
742,clothing,78,660,28.78,34.39
743,furniture,18,174,149.24,183.47
744,furniture,49,226,177.06,215.58
745,electronics,180,1149,124.44,127.44
746,electronics,168,1110,114.99,134.04
747,furniture,52,294,194.21,235.04
748,clothing,61,605,35.87,39.78
749,electronics,115,769,85.95,102.26
750,clothing,70,618,34.96,40.76
751,electronics,132,715,89.47,104.86
752,clothing,58,517,34.41,38.89
753,furniture,18,248,178.09,213.4
754,furniture,48,147,150.44,181.96
755,furniture,49,283,144.91,187.46
756,clothing,76,563,30.21,33.79
757,electronics,116,986,82.43,92.26
758,furniture,48,189,153.89,181.22
759,furniture,38,289,144.8,175.93
760,clothing,105,675,24.11,29.91
761,clothing,107,738,24.41,29.49
762,clothing,98,600,29.57,35.27
763,electronics,116,888,79.26,93.49
764,furniture,59,217,203.58,241.65
765,clothing,76,618,23.88,30.39
766,furniture,51,254,190.68,240.44
767,electronics,157,1001,98.91,105.05
768,clothing,91,717,25.48,29.19
769,furniture,28,303,174.47,209.82
770,electronics,86,933,81.12,88.28
771,clothing,96,503,29.27,33.88
772,electronics,151,1007,103.85,110.04
773,electronics,84,914,83.16,88.4
774,furniture,16,178,176.34,204.91
775,electronics,106,858,77.83,89.67
776,furniture,35,274,178.39,202.29
777,furniture,52,247,175.32,218.97
778,furniture,39,216,203.44,248.81
779,clothing,75,556,36.13,40.82
780,electronics,139,942,101.72,105.66
781,electronics,102,879,82.58,92.47
782,electronics,138,893,89.06,103.07
783,electronics,134,1061,96.55,112.94
784,clothing,55,457,35.82,38.45
785,electronics,142,1040,98.59,111.57
786,furniture,30,205,152.56,186.01
787,electronics,125,707,87.93,100.76
788,clothing,75,545,33.52,40.58
789,furniture,42,293,209.84,238.99
790,electronics,116,864,77.24,90.25
791,electronics,191,1270,125.85,123.94
792,clothing,90,488,36.66,40.55
793,clothing,76,580,30.87,33.53
794,electronics,114,986,81.27,89.41
795,clothing,65,533,35.26,39.16
796,furniture,30,187,155.48,180.81
797,electronics,185,1185,117.46,125.22
798,furniture,13,192,149.51,183.44
799,electronics,193,1185,121.42,133.82
800,clothing,77,543,29.72,33.81
801,electronics,119,936,79.41,86.43
802,furniture,59,364,196.6,231.48
803,furniture,50,173,150.95,186.78
804,furniture,38,135,155.25,180.5
805,furniture,43,250,174.62,209.3
806,electronics,197,1255,125.2,124.88
807,clothing,90,769,25.46,30.44
808,electronics,92,970,82.58,93.3
809,electronics,200,1269,120.66,134.26
810,furniture,31,253,185.02,212.64
811,electronics,138,965,95.15,105.32
812,electronics,200,1154,123.81,124.95
813,furniture,25,399,190.79,229.17
814,electronics,81,975,83.11,87.81
815,furniture,43,240,188.84,202.34
816,electronics,162,921,97.93,107.35
817,electronics,109,800,87.38,98.84
818,furniture,54,304,184.77,219.29
819,electronics,120,820,87.77,101.09
820,electronics,107,892,82.91,93.0
821,furniture,20,294,144.03,183.78
822,furniture,48,257,173.26,201.85
823,clothing,67,640,31.43,35.82
824,electronics,121,872,91.55,97.74
825,furniture,32,209,206.93,243.33
826,clothing,74,508,29.46,34.43
827,clothing,71,631,35.61,41.98
828,clothing,77,604,35.32,39.04
829,electronics,153,933,101.02,107.56
830,furniture,28,228,152.73,187.74
831,electronics,84,959,80.59,85.71
832,furniture,46,238,178.71,214.12
833,clothing,70,692,24.43,30.67
834,furniture,47,270,205.36,248.06
835,electronics,136,766,87.53,104.73
836,electronics,87,947,81.53,94.27
837,clothing,72,616,29.19,33.47
838,clothing,62,543,35.43,41.28
839,furniture,47,362,204.93,243.5
840,clothing,70,698,24.29,30.43
841,furniture,38,262,172.07,202.19
842,electronics,164,1002,96.3,111.64
843,clothing,93,690,25.25,31.44
844,furniture,41,289,206.98,249.87
845,clothing,74,616,23.85,29.81
846,furniture,44,217,204.67,228.95
847,furniture,45,372,196.82,236.69
848,electronics,199,1215,119.73,134.23
849,electronics,130,792,93.85,102.0
850,clothing,90,630,34.4,39.83
851,electronics,170,1190,119.57,124.21
852,furniture,29,231,171.24,208.45
853,electronics,178,1167,114.97,129.59
854,furniture,16,292,146.37,187.7
855,furniture,37,213,142.91,182.53
856,clothing,59,450,35.45,39.24
857,clothing,74,657,24.81,30.07
858,electronics,129,853,90.42,95.65
859,clothing,86,558,33.85,41.88
860,furniture,32,347,195.91,236.63
861,clothing,69,615,30.48,34.91
862,electronics,137,786,94.18,98.54
863,electronics,131,709,85.94,101.81
864,furniture,52,258,207.8,243.88
865,furniture,41,240,201.53,245.16
866,electronics,160,1004,100.63,107.44
867,clothing,62,582,34.99,39.25
868,furniture,64,321,191.38,231.0
869,furniture,34,292,143.84,182.79
870,furniture,23,294,181.81,200.33
871,clothing,61,521,29.51,35.33
872,clothing,69,547,36.45,41.47
873,electronics,82,968,79.24,93.51
874,furniture,45,167,144.64,179.07
875,clothing,73,796,25.53,29.87
876,furniture,38,338,195.86,229.84
877,electronics,120,855,80.19,91.53
878,furniture,65,378,203.95,247.7
879,electronics,124,848,93.59,97.44
880,furniture,19,198,154.37,178.57
881,electronics,120,775,91.58,103.38
882,electronics,165,925,101.79,114.14
883,electronics,111,814,94.0,97.42
884,electronics,156,1046,97.95,110.55
885,electronics,169,1008,95.0,106.61
886,electronics,81,987,78.17,86.41
887,furniture,37,398,194.35,249.86
888,clothing,101,646,25.39,30.95
889,electronics,130,770,91.19,102.59
890,furniture,25,253,151.39,171.87
891,electronics,161,939,95.15,113.77
892,furniture,56,332,204.57,238.5
893,clothing,93,648,29.46,34.44
894,clothing,65,581,35.57,40.18
895,electronics,89,822,80.44,86.31
896,clothing,84,705,24.6,30.76
897,electronics,176,1183,115.61,131.06
898,electronics,119,942,76.75,87.17
899,clothing,77,615,30.98,33.9
900,clothing,63,558,36.45,38.73
901,clothing,84,635,30.44,33.44
902,electronics,139,740,86.42,100.87
903,electronics,143,1011,99.01,113.73
904,clothing,94,746,25.56,28.54
905,furniture,36,261,185.03,200.52
906,electronics,159,1002,96.17,110.79
907,furniture,34,195,170.99,216.7
908,clothing,75,605,35.73,39.3
909,furniture,56,267,197.12,236.38
910,electronics,180,1221,117.04,131.24
911,furniture,44,114,142.68,175.93
912,electronics,161,1064,100.39,104.78
913,clothing,99,728,25.87,30.7
914,clothing,98,694,31.36,35.43
915,clothing,81,710,25.15,30.23
916,clothing,95,473,35.04,40.96
917,furniture,32,176,172.52,213.67
918,clothing,80,539,30.14,33.96
919,furniture,22,290,148.19,177.33
920,furniture,30,288,151.6,173.26
921,electronics,137,1063,98.88,105.92
922,clothing,94,473,34.08,40.69
923,furniture,31,223,191.89,248.6
924,clothing,77,453,34.34,41.84
925,furniture,46,216,172.73,212.69
926,clothing,80,633,24.18,29.04
927,furniture,31,284,157.3,172.89
928,clothing,91,776,24.85,30.93
929,clothing,94,780,25.07,30.23
930,clothing,91,715,25.92,30.34
931,furniture,37,122,157.42,185.06
932,electronics,108,908,80.65,91.82
933,electronics,112,768,92.8,103.33
934,furniture,32,244,176.88,200.67
935,electronics,81,980,78.44,92.22
936,furniture,43,211,178.24,217.36
937,clothing,80,668,30.51,34.24
938,clothing,69,506,35.63,40.55
939,clothing,81,637,34.34,39.25
940,electronics,190,1153,115.59,135.94
941,clothing,69,519,35.45,38.12
942,furniture,32,200,144.42,181.43
943,furniture,48,256,201.56,231.99
944,electronics,142,1037,101.92,112.32
945,electronics,181,1267,122.4,125.78
946,electronics,166,1034,102.52,107.08
947,furniture,47,252,186.7,209.87
948,electronics,132,1065,99.99,114.55
949,electronics,148,984,102.29,106.82
950,electronics,182,1160,121.42,125.37
951,clothing,88,502,29.05,35.9
952,clothing,99,727,23.8,29.99
953,clothing,93,628,34.24,41.64
954,clothing,79,535,34.79,38.58
955,furniture,46,146,151.75,182.62
956,electronics,167,1295,124.19,126.52
957,furniture,25,175,145.43,173.81
958,furniture,32,237,192.5,244.39
959,furniture,25,363,209.26,242.24
960,furniture,14,268,144.11,184.58
961,electronics,162,1296,119.73,127.51
962,furniture,10,240,151.27,179.05
963,clothing,58,536,35.13,39.61
964,electronics,119,857,76.68,94.35
965,electronics,134,749,86.0,97.91
966,electronics,161,929,96.05,107.73
967,electronics,133,889,90.76,98.54
968,electronics,184,1200,120.52,130.83
969,electronics,109,724,87.59,97.51
970,furniture,45,311,202.75,249.96
971,furniture,53,304,185.75,205.07
972,electronics,156,1078,95.41,114.34
973,clothing,96,784,24.99,28.8
974,electronics,161,1225,122.26,132.03
975,electronics,170,1022,97.51,114.47
976,electronics,112,746,88.26,96.68
977,furniture,33,317,202.26,251.23
978,clothing,95,538,31.18,34.83
979,electronics,101,815,82.47,94.0
980,clothing,95,621,25.2,30.52
981,electronics,91,853,81.83,88.2
982,electronics,146,1048,98.64,106.56
983,furniture,38,399,202.81,235.28
984,furniture,38,215,199.31,230.22
985,electronics,133,758,87.2,96.43
986,clothing,74,480,35.7,38.41
987,electronics,110,869,90.5,99.22
988,clothing,70,481,34.5,41.17
989,clothing,85,636,36.43,38.56
990,clothing,75,761,23.79,28.88
991,electronics,118,708,88.33,101.42
992,clothing,96,638,28.66,33.93
993,furniture,13,109,153.99,172.75
994,furniture,13,116,153.02,173.99
995,electronics,119,767,88.47,104.23
996,electronics,109,747,91.57,103.2
997,electronics,103,979,79.16,88.68
998,clothing,104,710,25.63,30.46
999,electronics,125,852,89.58,100.36
1000,electronics,116,922,79.29,91.58
1001,clothing,92,598,36.51,40.72
1002,furniture,45,300,195.01,243.08
1003,furniture,64,301,192.4,234.38
1004,clothing,93,514,35.29,38.15
1005,electronics,180,1290,125.62,129.41
1006,electronics,89,850,79.01,93.51
1007,electronics,117,835,76.49,90.62
1008,clothing,58,530,34.43,41.32
1009,clothing,79,626,30.01,36.71
1010,furniture,31,237,173.9,202.93
1011,electronics,136,1093,101.57,112.1
1012,clothing,58,553,36.73,40.69
1013,electronics,128,714,89.56,104.79
1014,electronics,113,795,88.68,104.85
1015,clothing,72,766,24.74,30.55
1016,clothing,78,572,33.64,38.96
1017,clothing,106,797,25.95,30.89
1018,clothing,70,450,34.69,38.42
1019,electronics,83,950,79.09,92.52
1020,electronics,153,1021,101.59,114.5
1021,electronics,113,966,79.53,88.94
1022,furniture,44,275,182.66,212.73
1023,furniture,42,256,191.22,238.31
1024,furniture,28,180,154.7,178.87
1025,clothing,85,611,36.53,39.23
1026,furniture,33,318,182.67,215.49
1027,furniture,43,272,209.08,250.46
1028,electronics,181,1240,115.81,135.72
1029,electronics,153,969,99.76,106.41
1030,clothing,81,605,25.24,31.11
1031,clothing,99,683,25.19,30.7
1032,electronics,117,851,79.2,87.77
1033,electronics,130,702,88.53,95.66
1034,furniture,60,280,192.53,234.42
1035,electronics,178,1162,118.69,135.35
1036,furniture,50,198,173.92,212.79
1037,electronics,159,975,102.33,112.42
1038,furniture,57,311,194.17,234.16
1039,electronics,177,1274,114.69,132.84
1040,furniture,37,208,150.78,171.5
1041,clothing,65,632,35.32,39.49
1042,clothing,102,791,25.92,30.37
1043,furniture,31,214,181.38,202.56
1044,clothing,75,680,24.6,30.96
1045,furniture,18,344,185.44,204.43
1046,electronics,99,814,80.31,91.36
1047,electronics,126,799,86.2,99.04
1048,furniture,29,181,181.18,212.01
1049,clothing,75,695,26.01,28.81
1050,electronics,93,927,79.16,85.64
1051,furniture,25,345,176.32,218.59
1052,furniture,48,245,144.64,175.84
1053,electronics,108,812,86.85,103.19
1054,furniture,40,232,178.78,220.48
1055,electronics,95,842,80.76,87.39
1056,furniture,29,315,191.6,234.35
1057,clothing,69,662,31.31,35.56
1058,electronics,162,1177,123.05,136.04
1059,clothing,72,557,30.25,36.44
1060,clothing,89,532,30.97,35.0
1061,electronics,135,913,95.79,113.24
1062,furniture,26,261,149.64,173.43
1063,furniture,43,388,202.59,251.45
1064,clothing,89,581,36.14,41.85
1065,furniture,40,208,185.09,202.93
1066,electronics,164,1256,117.32,127.38
1067,electronics,128,782,93.96,95.99
1068,furniture,61,333,192.48,234.51
1069,clothing,89,720,25.93,30.94
1070,clothing,75,626,36.64,39.5
1071,electronics,139,1067,96.76,105.46
1072,electronics,134,982,102.21,108.25
1073,furniture,60,392,190.8,251.54
1074,electronics,85,996,79.23,91.16
1075,clothing,85,526,30.04,34.7
1076,clothing,73,679,25.19,28.99
1077,electronics,168,1033,104.35,115.34
1078,electronics,198,1112,122.06,134.16
1079,electronics,164,963,99.8,107.59
1080,electronics,100,889,92.78,95.69
1081,furniture,38,296,188.1,200.68
1082,electronics,165,979,95.21,105.81
1083,electronics,105,822,94.33,100.8
1084,furniture,65,242,191.71,250.28
1085,furniture,55,288,206.28,239.91
1086,clothing,74,597,34.22,41.36
1087,electronics,153,994,96.31,109.39
1088,electronics,184,1295,119.27,132.7
1089,electronics,165,1071,101.43,112.54
1090,electronics,180,1250,118.56,125.75
1091,furniture,39,101,143.31,177.49
1092,clothing,78,569,35.34,40.54
1093,furniture,39,121,156.03,172.26
1094,electronics,151,1014,98.82,108.47
1095,clothing,82,506,34.0,40.13
1096,furniture,16,171,149.13,188.92
1097,clothing,94,506,28.64,34.9
1098,electronics,157,1083,103.19,113.47
1099,furniture,23,218,154.88,178.77
1100,clothing,69,694,30.25,36.03
1101,clothing,75,613,29.55,35.32
1102,furniture,40,215,205.99,249.27
1103,electronics,160,982,100.54,109.01
1104,clothing,84,678,30.97,35.35
1105,furniture,37,271,202.62,243.11
1106,furniture,15,223,154.26,178.5
1107,electronics,108,812,90.88,96.43
1108,electronics,165,911,99.13,105.52
1109,clothing,74,575,36.59,38.06
1110,electronics,177,1152,120.48,134.85
1111,electronics,180,1174,121.25,126.56
1112,furniture,13,232,145.8,174.8
1113,electronics,112,826,81.0,92.11
1114,electronics,106,939,80.56,88.37
1115,furniture,16,244,145.26,180.1
1116,clothing,65,633,28.67,33.81
1117,electronics,144,996,101.03,115.05
1118,electronics,177,1104,123.15,134.56
1119,electronics,191,1156,120.27,134.72
1120,clothing,70,655,29.17,34.66
1121,electronics,179,1177,121.99,133.4
1122,clothing,78,518,33.52,38.57
1123,electronics,144,1017,99.41,104.59
1124,furniture,21,269,173.93,199.91
1125,electronics,180,1158,116.2,131.12
1126,furniture,35,132,145.52,179.19
1127,clothing,68,511,34.59,40.06
1128,electronics,196,1149,114.6,123.59
1129,clothing,75,561,34.63,39.68
1130,furniture,42,218,200.22,245.22
1131,furniture,19,346,179.69,208.79
1132,clothing,72,722,24.7,30.69
1133,furniture,32,293,155.08,175.18
1134,furniture,35,146,144.67,185.63
1135,electronics,166,1066,100.05,110.96
1136,clothing,78,645,33.46,38.83
1137,clothing,78,532,28.7,34.07
1138,furniture,34,240,151.1,182.29
1139,clothing,75,533,35.22,41.31
1140,clothing,66,631,36.31,39.65
1141,electronics,140,834,90.51,97.57
1142,electronics,132,778,94.13,103.66
1143,clothing,73,613,23.86,30.5
1144,furniture,31,346,191.95,238.74
1145,clothing,91,727,23.85,29.95
1146,electronics,192,1153,116.21,126.15
1147,clothing,76,647,30.11,35.43
1148,electronics,183,1128,121.74,128.15
1149,electronics,113,823,76.36,94.45
1150,electronics,187,1181,125.34,129.73
1151,electronics,170,962,103.41,109.83
1152,electronics,198,1204,117.55,130.85
1153,clothing,91,656,23.93,31.24
1154,furniture,26,235,145.04,185.4
1155,furniture,43,161,144.39,179.11
1156,electronics,105,856,86.6,102.18
1157,clothing,65,516,30.05,35.29
1158,clothing,93,565,29.23,34.96
1159,electronics,130,905,98.57,106.61
1160,clothing,79,657,26.21,29.88
1161,electronics,120,768,91.65,97.45
1162,electronics,84,955,83.58,93.72
1163,clothing,61,561,28.92,34.41
1164,furniture,31,268,148.22,188.13
1165,electronics,161,1296,120.65,130.42
1166,electronics,169,1181,114.91,131.7
1167,electronics,133,868,85.53,100.42
1168,clothing,85,776,25.42,28.88
1169,clothing,108,776,25.34,29.62
1170,furniture,46,270,198.21,230.37
1171,furniture,26,280,179.8,212.57
1172,clothing,83,509,29.74,34.8
1173,clothing,109,697,23.8,30.82
1174,furniture,47,188,147.52,174.96
1175,electronics,109,734,87.08,96.64
1176,electronics,114,801,76.78,89.15
1177,furniture,56,323,209.12,250.23
1178,clothing,61,473,35.34,40.83
1179,electronics,150,973,102.28,109.1
1180,electronics,99,965,78.51,90.15
1181,clothing,80,471,34.62,38.33
1182,electronics,163,1253,116.83,136.29
1183,electronics,151,1070,95.96,111.82
1184,clothing,74,682,29.03,34.24
1185,furniture,49,138,154.45,181.53
1186,electronics,150,1056,101.77,105.69
1187,furniture,29,169,180.83,219.77
1188,clothing,76,490,34.9,38.69
1189,clothing,87,681,31.26,35.51
1190,furniture,28,297,172.3,204.64
1191,electronics,186,1207,117.36,132.82
1192,furniture,55,296,177.29,215.8
1193,furniture,64,283,205.64,244.15
1194,furniture,52,310,209.84,242.74
1195,electronics,125,765,87.66,103.91
1196,electronics,81,957,82.98,86.2
1197,electronics,104,852,82.63,88.47
1198,clothing,62,533,29.16,34.11
1199,electronics,167,1249,118.78,136.33
1200,clothing,102,666,24.76,29.66
1201,furniture,59,333,209.55,245.57
1202,clothing,65,526,29.03,35.64
1203,clothing,108,609,25.74,29.13
1204,electronics,102,872,78.66,87.64
1205,electronics,124,795,92.07,97.8
1206,furniture,33,197,178.55,208.12
1207,furniture,29,269,201.56,233.61
1208,clothing,70,686,30.99,33.31
1209,electronics,141,999,103.03,114.16
1210,clothing,79,658,25.91,31.39
1211,furniture,22,151,172.06,206.66
1212,furniture,48,356,203.83,236.11
1213,electronics,107,995,77.11,85.55
1214,electronics,200,1164,118.98,132.33
1215,clothing,105,682,25.11,30.97
1216,electronics,116,953,79.21,86.81
1217,furniture,45,209,200.38,231.82
1218,clothing,77,652,26.23,30.86
1219,furniture,23,228,173.42,212.43
1220,furniture,39,258,203.5,229.07
1221,clothing,94,599,34.63,40.48
1222,clothing,77,678,28.89,34.32
1223,furniture,34,197,173.85,207.23
1224,clothing,75,748,26.11,30.8
1225,electronics,171,1222,124.54,134.03
1226,electronics,81,821,83.25,89.09
1227,electronics,136,999,104.9,114.91
1228,electronics,95,897,77.66,89.15
1229,clothing,72,757,24.63,30.81
1230,electronics,82,824,81.34,89.84
1231,clothing,86,527,29.94,36.38
1232,furniture,64,392,198.36,249.78
1233,electronics,167,1012,98.57,105.45
1234,furniture,42,144,151.4,187.85
1235,clothing,97,667,25.18,30.97
1236,electronics,100,706,86.94,102.9
1237,furniture,17,148,149.57,174.61
1238,electronics,116,936,80.42,92.74
1239,clothing,101,763,25.17,31.04
1240,clothing,91,532,33.98,39.15
1241,electronics,103,828,92.17,104.51
1242,electronics,159,1037,95.24,105.04
1243,electronics,165,1263,118.25,125.44
1244,clothing,73,522,35.97,40.14
1245,furniture,41,145,150.95,181.35
1246,furniture,33,305,195.21,243.47
1247,clothing,71,659,30.57,33.3
1248,electronics,170,1131,120.8,135.97
1249,clothing,70,455,36.03,38.17
1250,furniture,25,375,204.69,231.42
1251,furniture,45,365,202.19,228.33
1252,clothing,99,744,24.96,30.19
1253,clothing,67,523,33.71,41.72
1254,electronics,163,1013,97.6,111.82
1255,electronics,83,826,79.34,92.89
1256,electronics,127,753,90.88,95.12
1257,electronics,137,877,90.11,100.41
1258,furniture,40,262,146.81,179.26
1259,furniture,36,184,142.59,179.97
1260,electronics,104,826,89.96,95.71
1261,electronics,154,1052,97.85,112.02
1262,clothing,62,655,30.69,35.0
1263,furniture,47,260,171.42,215.56
1264,electronics,83,814,80.67,89.86
1265,clothing,84,631,31.31,33.76
1266,clothing,89,692,24.18,30.43
1267,furniture,48,272,179.48,203.11
1268,furniture,40,222,172.64,217.81
1269,clothing,59,604,35.43,40.44
1270,electronics,164,1053,100.5,106.22
1271,electronics,157,1046,99.06,115.08
1272,furniture,43,241,180.37,210.38
1273,clothing,63,466,36.38,38.28
1274,electronics,117,842,77.56,91.13
1275,furniture,20,270,171.4,204.81
1276,electronics,178,1140,124.33,133.94
1277,furniture,20,269,151.15,185.71
1278,furniture,11,277,155.85,188.61
1279,clothing,68,667,30.28,35.0
1280,clothing,90,638,25.77,29.85
1281,furniture,33,212,148.94,184.55
1282,furniture,58,350,204.99,231.17
1283,clothing,81,610,31.23,35.15
1284,furniture,12,279,151.07,180.82
1285,clothing,81,646,24.19,28.76
1286,electronics,157,962,97.68,109.09
1287,electronics,159,1009,96.98,113.88
1288,electronics,105,868,77.97,93.2
1289,furniture,35,192,176.51,201.57
1290,electronics,187,1275,120.65,124.67
1291,electronics,155,933,100.87,107.38
1292,clothing,87,489,34.73,41.49
1293,furniture,30,160,151.72,173.31
1294,clothing,89,627,33.53,40.87
1295,clothing,103,794,23.96,28.79
1296,electronics,170,961,96.71,111.34
1297,electronics,177,1157,120.21,128.12
1298,clothing,80,760,24.28,30.86
1299,furniture,47,274,195.66,233.6
1300,furniture,46,215,198.0,243.33
1301,clothing,71,531,36.08,38.93
1302,furniture,19,243,171.24,214.48
1303,clothing,70,547,30.44,36.3
1304,furniture,44,287,183.03,202.15
1305,electronics,94,881,82.38,93.29
1306,furniture,41,187,187.78,211.95
1307,electronics,114,926,76.15,86.63
1308,electronics,112,818,77.22,89.34
1309,electronics,179,1263,124.62,125.58
1310,electronics,145,1086,99.58,112.19
1311,electronics,193,1162,120.77,133.36
1312,electronics,81,876,81.29,86.44
1313,clothing,104,773,25.44,30.01
1314,furniture,64,330,208.62,247.54
1315,electronics,107,901,83.97,93.92
1316,electronics,198,1164,122.63,130.17
1317,clothing,75,719,24.46,31.34
1318,electronics,168,1190,124.55,130.45
1319,furniture,34,157,171.88,207.77
1320,furniture,10,278,145.96,186.26
1321,clothing,62,522,36.38,39.96
1322,clothing,82,633,29.26,34.89
1323,electronics,162,1206,116.64,129.86
1324,clothing,63,588,28.9,36.2
1325,electronics,124,738,93.22,103.31
1326,electronics,197,1212,119.99,128.74
1327,furniture,24,287,152.61,176.99
1328,clothing,80,527,29.21,34.96
1329,electronics,114,896,82.05,90.64
1330,electronics,173,1281,123.11,126.59
1331,electronics,165,936,98.12,113.22
1332,clothing,66,586,34.68,39.94
1333,furniture,26,181,145.64,177.0
1334,clothing,98,555,31.42,33.61
1335,furniture,18,286,152.17,175.29
1336,clothing,104,684,26.08,31.34
1337,clothing,67,451,34.3,39.21
1338,electronics,94,988,82.24,87.01
1339,electronics,177,1157,123.18,129.48
1340,electronics,192,1206,122.29,127.48
1341,electronics,165,1222,125.58,123.95
1342,clothing,81,637,34.62,39.28
1343,electronics,152,1067,96.3,110.48
1344,electronics,126,863,91.54,100.51
1345,furniture,58,313,204.58,236.55
1346,furniture,52,256,181.34,208.88
1347,clothing,73,536,29.11,36.62
1348,electronics,165,978,100.03,108.64
1349,electronics,87,891,78.49,87.81
1350,clothing,94,517,29.77,34.09
1351,electronics,178,1197,121.73,129.44
1352,furniture,39,162,153.67,184.66
1353,electronics,93,949,77.85,87.34
1354,clothing,79,638,29.71,35.72
1355,electronics,184,1285,117.22,123.77
1356,clothing,99,684,29.09,34.71
1357,furniture,33,103,154.24,184.96
1358,electronics,173,1234,124.9,127.89
1359,electronics,125,760,88.82,100.63
1360,electronics,167,1006,102.5,106.75
1361,clothing,92,653,25.98,30.72
1362,furniture,36,237,186.22,200.59
1363,clothing,73,517,33.88,41.4
1364,furniture,17,278,188.2,203.65
1365,electronics,98,854,79.0,93.36
1366,furniture,23,152,177.1,206.89
1367,electronics,187,1265,114.74,132.88
1368,electronics,119,820,89.87,98.18
1369,clothing,76,728,24.01,31.21
1370,electronics,143,1001,97.48,105.88
1371,electronics,138,937,98.16,106.45
1372,furniture,28,184,154.62,179.86
1373,clothing,68,606,36.3,38.32
1374,clothing,97,632,29.4,33.93
1375,electronics,135,791,93.22,104.43
1376,clothing,99,520,31.06,36.66
1377,clothing,86,798,25.65,29.62
1378,furniture,44,344,173.63,218.88
1379,electronics,138,1008,101.89,110.48
1380,clothing,102,646,26.1,29.3
1381,furniture,39,233,183.28,214.24
1382,electronics,143,982,98.31,111.74
1383,furniture,25,184,180.0,220.26
1384,clothing,89,645,35.5,39.05
1385,electronics,140,768,90.09,101.71
1386,electronics,93,928,76.95,85.96
1387,clothing,99,795,24.52,28.83
1388,clothing,110,739,25.75,28.5
1389,furniture,28,387,207.22,251.98
1390,electronics,163,1126,115.64,133.92
1391,clothing,82,505,36.57,41.14
1392,clothing,62,472,34.39,40.03
1393,clothing,61,652,30.48,34.29
1394,furniture,55,170,184.52,202.67
1395,electronics,181,1160,123.73,127.19
1396,electronics,140,762,94.0,98.75
1397,electronics,115,821,88.31,102.55
1398,clothing,83,501,36.24,40.15
1399,electronics,129,787,86.68,95.77
1400,furniture,36,352,204.09,228.42
1401,clothing,104,654,25.59,28.8
1402,furniture,20,145,152.66,178.38
1403,electronics,100,831,78.01,93.89
1404,clothing,80,554,31.11,35.47
1405,furniture,19,245,174.03,216.33
1406,electronics,99,932,76.42,89.69
1407,furniture,51,185,183.9,207.09
1408,electronics,132,1009,99.74,105.68
1409,electronics,112,976,82.78,93.37
1410,furniture,18,205,148.24,185.09
1411,clothing,63,507,33.83,38.66
1412,furniture,28,238,206.72,240.28
1413,clothing,104,679,25.11,29.95
1414,clothing,86,696,24.21,30.37
1415,furniture,58,312,204.4,250.7
1416,electronics,183,1160,120.12,131.03
1417,electronics,161,1036,101.03,110.43
1418,furniture,15,155,179.29,200.55
1419,furniture,17,208,154.92,172.12
1420,electronics,122,734,92.96,96.86
1421,electronics,119,838,81.66,85.78
1422,electronics,141,1049,96.04,112.67
1423,electronics,91,968,82.7,92.0
1424,furniture,24,217,152.56,173.44
1425,clothing,100,504,30.58,36.17
1426,clothing,78,669,29.58,33.78
1427,electronics,155,986,103.78,107.8
1428,clothing,83,525,35.78,38.99
1429,furniture,31,294,144.18,177.69
1430,furniture,49,257,148.61,175.57
1431,furniture,45,256,207.72,239.72
1432,clothing,92,576,33.41,39.62
1433,furniture,34,350,188.3,220.21
1434,furniture,43,178,183.21,200.66
1435,electronics,103,864,91.17,96.41
1436,clothing,76,686,24.42,28.65
1437,clothing,87,640,29.24,35.43
1438,furniture,42,309,187.95,200.64
1439,clothing,58,495,34.28,41.34
1440,furniture,31,215,154.12,180.2
1441,furniture,26,261,178.07,210.56
1442,furniture,12,250,144.58,181.1
1443,furniture,36,194,171.18,203.08
1444,clothing,61,644,30.12,33.93
1445,electronics,103,903,83.8,88.36
1446,furniture,48,234,177.63,211.95
1447,clothing,81,643,34.49,38.83
1448,furniture,55,283,177.18,201.93
1449,clothing,70,707,25.04,31.4
1450,clothing,67,517,29.81,33.32
1451,clothing,77,543,36.32,41.2
1452,furniture,62,349,200.1,246.9
1453,clothing,60,482,35.02,39.18
1454,clothing,91,757,24.09,28.9
1455,electronics,104,925,83.85,86.8
1456,clothing,77,659,29.24,35.68
1457,furniture,41,369,191.46,243.42
1458,clothing,81,721,25.4,30.84
1459,clothing,75,737,25.23,31.3
1460,electronics,155,1014,99.14,112.1
1461,clothing,86,663,29.76,33.79
1462,clothing,62,611,35.99,38.96
1463,furniture,28,300,145.43,186.15
1464,electronics,80,827,82.55,87.37
1465,furniture,38,110,152.22,172.3
1466,clothing,89,616,34.71,40.8
1467,clothing,94,496,34.84,39.6
1468,clothing,73,626,29.26,36.46
1469,clothing,89,596,35.87,40.59
1470,electronics,149,1017,100.12,105.49
1471,furniture,37,342,196.41,250.74
1472,clothing,92,575,35.33,39.02
1473,furniture,17,255,157.43,177.06
1474,clothing,74,601,34.76,39.6
1475,electronics,162,971,104.2,105.05
1476,furniture,40,256,177.2,209.92
1477,furniture,53,286,171.98,202.08
1478,clothing,90,774,24.25,29.69
1479,electronics,120,832,79.34,88.65
1480,electronics,108,889,87.47,102.72
1481,furniture,48,218,190.0,247.27
1482,electronics,196,1294,124.97,125.48
1483,clothing,110,673,25.85,29.59
1484,electronics,96,967,81.93,88.85
1485,furniture,38,324,174.01,202.67
1486,furniture,30,292,144.3,185.36
1487,electronics,198,1256,114.8,132.68
1488,electronics,120,977,81.78,87.2
1489,electronics,118,897,83.42,88.79
1490,clothing,82,740,24.82,28.81
1491,electronics,170,1228,115.42,131.66
1492,clothing,78,661,30.03,33.67
1493,electronics,110,792,88.63,104.85
1494,clothing,72,675,29.61,35.97
1495,electronics,160,1147,121.45,128.56
1496,clothing,99,676,30.65,35.26
1497,electronics,148,963,96.1,114.51
1498,furniture,26,210,171.63,211.13
1499,electronics,137,1056,104.93,106.41
1500,clothing,62,488,34.05,39.5
